lead_utm_group,lead_utm_referrer,lead_tags,has_weight,lead_utm_referrer_site,lead_utm_id_1,lead_utm_id_3,lead_utm_device_type,lead_creation_date_quarter,lead_length,lead_payment_type,lead_delivery_type,lead_utm_campaign_missing,lead_group_missing,lead_height_bin,delivery_cost_missing,y_true,p0,p1,pred_label,error_type
unknown,unknown,npotpz,0,unknown,-1,-1,unknown,-1,-1.0,cash_on_delivery,pickup_point,1,1,unknown,1,0,0.11053300571617752,0.8894669942838225,1,fn_0
yur,unknown,Callibri,0,artraid,115509254,16624953471,desktop,-1,-1.0,cash_on_delivery,pickup_point,0,0,unknown,1,0,0.13468372789389582,0.8653162721061042,1,fn_0
yur,sleep,Callibri,0,npotpz,116543546,16700367732,desktop,-1,-1.0,cash_on_delivery,pickup_point,0,0,unknown,1,0,0.13347477654557693,0.8665252234544231,1,fn_0
yur,unknown,Callibri,1,artraid,115367108,16614645518,desktop,-1,80.0,cash_on_delivery,door_delivery,0,0,large,1,0,0.1393282294084488,0.8606717705915512,1,fn_0
yur,unknown,Callibri,0,artraid,115367108,16614645518,desktop,-1,-1.0,cash_on_delivery,pickup_point,0,0,unknown,1,0,0.13468372789389582,0.8653162721061042,1,fn_0
yur,unknown,npotpz,0,unknown,114252495,16807446710,tablet,-1,-1.0,cash_on_delivery,pickup_point,0,0,unknown,1,0,0.13140805746101314,0.8685919425389869,1,fn_0
unknown,unknown,ВХОДЯЩИЙ,0,unknown,-1,-1,unknown,-1,-1.0,cash_on_delivery,pickup_point,1,1,unknown,1,0,0.14520053105812358,0.8547994689418764,1,fn_0
yur,sleep,Callibri,0,npotpz,116543546,16700367732,desktop,-1,-1.0,cash_on_delivery,pickup_point,0,0,unknown,1,0,0.13347477654557693,0.8665252234544231,1,fn_0
yur,unknown,Callibri,0,artraid,114824436,16561246479,desktop,-1,-1.0,cash_on_delivery,pickup_point,0,0,unknown,1,0,0.13242721920411016,0.8675727807958898,1,fn_0
unknown,unknown,npotpz,0,unknown,-1,-1,unknown,-1,-1.0,cash_on_delivery,pickup_point,0,1,unknown,1,0,0.11744078457696139,0.8825592154230386,1,fn_0
yur,unknown,Callibri,0,artraid,115367108,16614645519,desktop,-1,-1.0,cash_on_delivery,door_delivery,0,0,unknown,1,0,0.14558997007104657,0.8544100299289534,1,fn_0
unknown,unknown,ВХОДЯЩИЙ,1,unknown,-1,-1,unknown,-1,23.0,cash_on_delivery,pickup_point,1,1,small,1,0,0.10393805887537888,0.8960619411246211,1,fn_0
unknown,unknown,ВХОДЯЩИЙ,0,unknown,-1,-1,unknown,-1,-1.0,cash_on_delivery,pickup_point,1,1,unknown,1,0,0.14520053105812358,0.8547994689418764,1,fn_0
unknown,unknown,artraid,0,unknown,-1,-1,unknown,-1,-1.0,cash_on_delivery,pickup_point,1,1,unknown,1,0,0.08242799466303274,0.9175720053369673,1,fn_0
unknown,unknown,artraid,0,unknown,-1,-1,unknown,-1,-1.0,cash_on_delivery,pickup_point,1,1,unknown,1,0,0.08242799466303274,0.9175720053369673,1,fn_0
unknown,unknown,ВХОДЯЩИЙ,0,unknown,-1,-1,unknown,-1,-1.0,cash_on_delivery,pickup_point,1,1,unknown,1,0,0.14520053105812358,0.8547994689418764,1,fn_0
yur,unknown,unknown,0,unknown,-1,-1,unknown,-1,-1.0,cash_on_delivery,pickup_point,1,0,unknown,1,0,0.1262496381437146,0.8737503618562854,1,fn_0
yur,sleep,tilda,0,npotpz,116543546,16700367732,desktop,-1,-1.0,cash_on_delivery,pickup_point,0,0,unknown,1,0,0.13246318165287163,0.8675368183471284,1,fn_0
yur,unknown,Callibri,0,artraid,115367108,16614645518,desktop,-1,-1.0,cash_on_delivery,door_delivery,0,0,unknown,1,0,0.14558997007104657,0.8544100299289534,1,fn_0
yur,sleep,Callibri,0,npotpz,116543546,16700367732,desktop,-1,-1.0,cash_on_delivery,pickup_point,0,0,unknown,1,0,0.13347477654557693,0.8665252234544231,1,fn_0
yur,unknown,npotpz,0,unknown,115509254,16624953470,desktop,-1,-1.0,cash_on_delivery,pickup_point,0,0,unknown,1,0,0.12311875782156023,0.8768812421784398,1,fn_0
unknown,unknown,artraid,0,unknown,-1,-1,unknown,-1,-1.0,cash_on_delivery,post,1,1,unknown,1,0,0.14653948485537172,0.8534605151446283,1,fn_0
unknown,unknown,unknown,0,unknown,-1,-1,unknown,-1,-1.0,cash_on_delivery,pickup_point,1,1,unknown,1,0,0.11642827439750236,0.8835717256024976,1,fn_0
yur,sleep,tilda,0,npotpz,116543546,16700367732,desktop,-1,-1.0,cash_on_delivery,pickup_point,0,0,unknown,1,0,0.13246318165287163,0.8675368183471284,1,fn_0
yur,unknown,artraid,0,unknown,-1,-1,unknown,-1,-1.0,cash_on_delivery,pickup_point,1,0,unknown,1,0,0.09254813249406357,0.9074518675059364,1,fn_0
yur,unknown,Callibri,0,artraid,114317050,16504389645,desktop,-1,-1.0,cash_on_delivery,door_delivery,0,0,unknown,1,0,0.1433932917844467,0.8566067082155533,1,fn_0
yur,unknown,npotpz,0,unknown,115367108,16614645519,desktop,-1,-1.0,cash_on_delivery,pickup_point,0,0,unknown,1,0,0.12311875782156023,0.8768812421784398,1,fn_0
unknown,unknown,npotpz,0,unknown,-1,-1,unknown,-1,-1.0,cash_on_delivery,door_delivery,1,1,unknown,1,0,0.13425820287808354,0.8657417971219165,1,fn_0
yur,sleep,Callibri,0,npotpz,116543546,16700367732,tablet,-1,-1.0,cash_on_delivery,pickup_point,0,0,unknown,1,0,0.13843935946812858,0.8615606405318714,1,fn_0
unknown,unknown,artraid,0,unknown,-1,-1,unknown,-1,-1.0,cash_on_delivery,pickup_point,1,1,unknown,1,0,0.08242799466303274,0.9175720053369673,1,fn_0
yur,unknown,npotpz,0,unknown,118108441,16842616428,desktop,-1,-1.0,cash_on_delivery,pickup_point,0,0,unknown,1,0,0.13026909993041558,0.8697309000695844,1,fn_0
yur,unknown,npotpz,0,unknown,115509254,16881572070,desktop,-1,-1.0,cash_on_delivery,pickup_point,0,0,unknown,1,0,0.13113382739386292,0.8688661726061371,1,fn_0
yur,unknown,npotpz,0,unknown,115509254,16624953471,desktop,-1,-1.0,cash_on_delivery,pickup_point,0,0,unknown,1,0,0.12311875782156023,0.8768812421784398,1,fn_0
yur,unknown,Callibri,0,artraid,116057578,16779901269,desktop,-1,-1.0,cash_on_delivery,pickup_point,0,0,unknown,1,0,0.13593592733811466,0.8640640726618853,1,fn_0
yur,sleep,tilda,0,npotpz,116543546,16700367732,desktop,-1,-1.0,cash_on_delivery,post,0,0,unknown,0,0,0.1454622273796975,0.8545377726203025,1,fn_0
yur,sleep,Callibri,0,npotpz,116543546,16700367732,desktop,-1,-1.0,cash_on_delivery,pickup_point,0,0,unknown,1,0,0.13347477654557693,0.8665252234544231,1,fn_0
unknown,unknown,ВХОДЯЩИЙ,0,unknown,-1,-1,unknown,-1,-1.0,cash_on_delivery,pickup_point,1,1,unknown,1,0,0.14520053105812358,0.8547994689418764,1,fn_0
yur,unknown,Callibri,0,artraid,118446527,16873208423,desktop,-1,-1.0,cash_on_delivery,pickup_point,0,0,unknown,1,0,0.14515784569073775,0.8548421543092622,1,fn_0
yur,unknown,npotpz,0,unknown,-1,-1,unknown,-1,-1.0,cash_on_delivery,pickup_point,0,0,unknown,1,0,0.12575180621803816,0.8742481937819618,1,fn_0
yur,sleep,Callibri,0,npotpz,119707922,16966851095,desktop,-1,-1.0,cash_on_delivery,pickup_point,0,0,unknown,1,0,0.14974457144444664,0.8502554285555534,1,fn_0
yur,unknown,Callibri,0,npotpz,118448375,16873296904,mobile,-1,-1.0,online,pickup_point,0,0,unknown,1,0,0.07488062303187659,0.9251193769681234,1,fn_0
unknown,unknown,ВХОДЯЩИЙ,0,unknown,-1,-1,unknown,-1,-1.0,cash_on_delivery,pickup_point,1,1,unknown,1,0,0.14520053105812358,0.8547994689418764,1,fn_0
yur,unknown,Callibri,0,artraid,115367108,16614645519,desktop,-1,-1.0,cash_on_delivery,pickup_point,0,0,unknown,1,0,0.13468372789389582,0.8653162721061042,1,fn_0
yur,unknown,npotpz,0,unknown,114252495,16496823810,tablet,-1,-1.0,cash_on_delivery,pickup_point,0,0,unknown,1,0,0.1284419241093384,0.8715580758906616,1,fn_0
yur,unknown,unknown,0,unknown,-1,-1,unknown,-1,-1.0,cash_on_delivery,pickup_point,1,0,unknown,1,0,0.1262496381437146,0.8737503618562854,1,fn_0
yur,sleep,Callibri,0,npotpz,116543546,16700367732,desktop,-1,-1.0,cash_on_delivery,pickup_point,0,0,unknown,1,0,0.13347477654557693,0.8665252234544231,1,fn_0
yur,unknown,npotpz,0,unknown,115367108,16614645519,desktop,-1,-1.0,cash_on_delivery,pickup_point,0,0,unknown,1,0,0.12311875782156023,0.8768812421784398,1,fn_0
yur,sleep,tilda,0,npotpz,116543546,16700367732,desktop,-1,-1.0,cash_on_delivery,pickup_point,0,0,unknown,1,0,0.13246318165287163,0.8675368183471284,1,fn_0
yur,other,npotpz,0,other,-1,-1,unknown,-1,-1.0,cash_on_delivery,pickup_point,1,0,unknown,1,0,0.1289123047019528,0.8710876952980472,1,fn_0
unknown,unknown,ВХОДЯЩИЙ,0,unknown,-1,-1,unknown,-1,-1.0,cash_on_delivery,pickup_point,1,1,unknown,1,0,0.14520053105812358,0.8547994689418764,1,fn_0
unknown,unknown,artraid,0,unknown,-1,-1,unknown,-1,-1.0,cash_on_delivery,door_delivery,1,1,unknown,1,0,0.11248707455339535,0.8875129254466047,1,fn_0
yur,sleep,Callibri,0,npotpz,116543546,16700367732,desktop,-1,-1.0,cash_on_delivery,post,0,0,unknown,0,0,0.1464688857176919,0.8535311142823081,1,fn_0
yur,unknown,Callibri,0,npotpz,118448375,16873296905,desktop,-1,-1.0,cash_on_delivery,pickup_point,0,0,unknown,1,0,0.14239316673353575,0.8576068332664643,1,fn_0
unknown,unknown,artraid,0,unknown,-1,-1,unknown,-1,-1.0,cash_on_delivery,post,1,1,unknown,0,0,0.12717118113781634,0.8728288188621837,1,fn_0
yur,unknown,npotpz,0,unknown,118446527,16873208422,desktop,-1,-1.0,cash_on_delivery,pickup_point,0,0,unknown,1,0,0.13482234426936424,0.8651776557306358,1,fn_0
unknown,unknown,artraid,0,unknown,-1,-1,unknown,-1,-1.0,cash_on_delivery,door_delivery,1,1,unknown,1,0,0.11248707455339535,0.8875129254466047,1,fn_0
unknown,unknown,unknown,0,unknown,-1,-1,unknown,-1,-1.0,cash_on_delivery,pickup_point,1,1,unknown,1,0,0.11642827439750236,0.8835717256024976,1,fn_0
yur,unknown,Callibri,0,artraid,114824436,16561246475,desktop,-1,-1.0,cash_on_delivery,door_delivery,0,0,unknown,1,0,0.1433932917844467,0.8566067082155533,1,fn_0
yur,sleep,tilda,0,npotpz,116543546,16700367732,desktop,-1,-1.0,cash_on_delivery,pickup_point,0,0,unknown,1,0,0.13246318165287163,0.8675368183471284,1,fn_0
yur,unknown,npotpz,0,unknown,115509254,16624953471,desktop,-1,-1.0,cash_on_delivery,door_delivery,0,0,unknown,1,0,0.1413051646142066,0.8586948353857934,1,fn_0
yur,unknown,npotpz,0,unknown,115509254,16624953470,desktop,-1,-1.0,cash_on_delivery,pickup_point,0,0,unknown,1,0,0.12311875782156023,0.8768812421784398,1,fn_0
unknown,unknown,artraid,0,unknown,-1,-1,unknown,-1,-1.0,cash_on_delivery,pickup_point,1,1,unknown,1,0,0.08242799466303274,0.9175720053369673,1,fn_0
yur,unknown,Callibri,0,artraid,115367108,16881571731,desktop,-1,-1.0,cash_on_delivery,pickup_point,0,0,unknown,1,0,0.1415982839865625,0.8584017160134375,1,fn_0
yur,unknown,npotpz,0,unknown,115509254,16624953471,desktop,-1,-1.0,cash_on_delivery,pickup_point,0,0,unknown,1,0,0.12311875782156023,0.8768812421784398,1,fn_0
yur,unknown,npotpz,0,unknown,115367108,16614645519,desktop,-1,-1.0,cash_on_delivery,pickup_point,0,0,unknown,1,0,0.12311875782156023,0.8768812421784398,1,fn_0
yur,unknown,npotpz,0,unknown,115509254,16624953471,desktop,-1,-1.0,cash_on_delivery,pickup_point,0,0,unknown,1,0,0.12311875782156023,0.8768812421784398,1,fn_0
yur,unknown,Callibri,0,artraid,115509254,16624953471,desktop,-1,-1.0,cash_on_delivery,pickup_point,0,0,unknown,1,0,0.13468372789389582,0.8653162721061042,1,fn_0
yur,unknown,npotpz,0,unknown,115509254,16624953470,desktop,-1,-1.0,cash_on_delivery,pickup_point,0,0,unknown,1,0,0.12311875782156023,0.8768812421784398,1,fn_0
unknown,unknown,unknown,0,unknown,-1,-1,unknown,-1,-1.0,cash_on_delivery,pickup_point,1,1,unknown,1,0,0.11642827439750236,0.8835717256024976,1,fn_0
yur,sleep,Callibri,0,npotpz,116543546,16700367732,tablet,-1,-1.0,cash_on_delivery,pickup_point,0,0,unknown,1,0,0.13843935946812858,0.8615606405318714,1,fn_0
yur,unknown,artraid,0,unknown,-1,-1,unknown,-1,-1.0,cash_on_delivery,post,1,0,unknown,0,0,0.13891003424272008,0.8610899657572799,1,fn_0
unknown,unknown,ВХОДЯЩИЙ,0,unknown,-1,-1,unknown,-1,-1.0,cash_on_delivery,pickup_point,1,1,unknown,1,0,0.14520053105812358,0.8547994689418764,1,fn_0
yur,sleep,Callibri,0,npotpz,116543546,16700367732,desktop,-1,-1.0,cash_on_delivery,post,0,0,unknown,0,0,0.1464688857176919,0.8535311142823081,1,fn_0
unknown,unknown,ВХОДЯЩИЙ,0,unknown,-1,-1,unknown,-1,-1.0,cash_on_delivery,pickup_point,1,1,unknown,1,0,0.14520053105812358,0.8547994689418764,1,fn_0
yur,unknown,Callibri,0,npotpz,118448375,16873296904,tablet,-1,-1.0,cash_on_delivery,pickup_point,0,0,unknown,1,0,0.1476329523249551,0.8523670476750449,1,fn_0
yur,sleep,tilda,0,npotpz,116543546,16700367732,tablet,-1,-1.0,cash_on_delivery,pickup_point,0,0,unknown,1,0,0.13370109387078055,0.8662989061292194,1,fn_0
yur,unknown,npotpz,0,unknown,118075886,16839114005,desktop,-1,-1.0,cash_on_delivery,pickup_point,0,0,unknown,1,0,0.12769203859426304,0.872307961405737,1,fn_0
yur,unknown,unknown,0,unknown,-1,-1,unknown,-1,-1.0,cash_on_delivery,pickup_point,1,0,unknown,1,0,0.1262496381437146,0.8737503618562854,1,fn_0
yur,unknown,npotpz,0,unknown,118075886,16920650699,desktop,-1,-1.0,cash_on_delivery,pickup_point,0,0,unknown,1,0,0.1361929338730088,0.8638070661269912,1,fn_0
unknown,unknown,npotpz,0,unknown,-1,-1,unknown,-1,-1.0,cash_on_delivery,pickup_point,1,1,unknown,1,0,0.11053300571617752,0.8894669942838225,1,fn_0
unknown,unknown,unknown,1,unknown,-1,-1,unknown,-1,-1.0,online,door_delivery,1,1,unknown,1,0,0.05169648523836201,0.948303514761638,1,fn_0
yur,unknown,npotpz,0,unknown,115509254,16881572069,desktop,-1,-1.0,cash_on_delivery,pickup_point,0,0,unknown,1,0,0.13113382739386292,0.8688661726061371,1,fn_0
unknown,unknown,artraid,0,unknown,-1,-1,unknown,-1,-1.0,cash_on_delivery,pickup_point,1,1,unknown,1,0,0.08242799466303274,0.9175720053369673,1,fn_0
unknown,unknown,npotpz,0,unknown,-1,-1,unknown,-1,-1.0,cash_on_delivery,pickup_point,1,1,unknown,1,0,0.11053300571617752,0.8894669942838225,1,fn_0
unknown,unknown,artraid,0,unknown,-1,-1,unknown,-1,-1.0,cash_on_delivery,pickup_point,1,1,unknown,1,0,0.08242799466303274,0.9175720053369673,1,fn_0
unknown,unknown,unknown,0,unknown,-1,-1,unknown,-1,-1.0,cash_on_delivery,pickup_point,1,1,unknown,1,0,0.11642827439750236,0.8835717256024976,1,fn_0
unknown,unknown,artraid,0,unknown,-1,-1,unknown,-1,-1.0,cash_on_delivery,post,1,1,unknown,1,0,0.14653948485537172,0.8534605151446283,1,fn_0
yur,unknown,Callibri,0,artraid,115509254,16624953471,desktop,-1,-1.0,cash_on_delivery,pickup_point,0,0,unknown,1,0,0.13468372789389582,0.8653162721061042,1,fn_0
unknown,unknown,unknown,0,unknown,-1,-1,unknown,-1,-1.0,cash_on_delivery,pickup_point,1,1,unknown,1,0,0.11642827439750236,0.8835717256024976,1,fn_0
yur,unknown,npotpz,0,unknown,115509254,16624953471,desktop,-1,-1.0,cash_on_delivery,pickup_point,0,0,unknown,1,0,0.12311875782156023,0.8768812421784398,1,fn_0
yur,unknown,npotpz,0,unknown,115509254,16624953471,desktop,-1,-1.0,cash_on_delivery,post,0,0,unknown,0,0,0.14837918196680966,0.8516208180331903,1,fn_0
yur,unknown,artraid,0,unknown,-1,-1,unknown,-1,-1.0,cash_on_delivery,door_delivery,1,0,unknown,1,0,0.1236114372576328,0.8763885627423672,1,fn_0
yur,sleep,Callibri,0,npotpz,116543546,16700367732,desktop,-1,-1.0,cash_on_delivery,pickup_point,0,0,unknown,1,0,0.13347477654557693,0.8665252234544231,1,fn_0
unknown,unknown,ВХОДЯЩИЙ,0,unknown,-1,-1,unknown,-1,-1.0,cash_on_delivery,pickup_point,1,1,unknown,1,0,0.14520053105812358,0.8547994689418764,1,fn_0
yur,unknown,unknown,0,unknown,-1,-1,unknown,-1,-1.0,cash_on_delivery,pickup_point,1,0,unknown,1,0,0.1262496381437146,0.8737503618562854,1,fn_0
unknown,unknown,unknown,0,unknown,-1,-1,unknown,-1,-1.0,cash_on_delivery,pickup_point,1,1,unknown,1,0,0.11642827439750236,0.8835717256024976,1,fn_0
yur,unknown,Callibri,0,artraid,114824436,16561246477,desktop,-1,-1.0,cash_on_delivery,pickup_point,0,0,unknown,1,0,0.13242721920411016,0.8675727807958898,1,fn_0
yur,unknown,Callibri,0,artraid,114252495,16496823807,desktop,-1,-1.0,cash_on_delivery,pickup_point,0,0,unknown,1,0,0.13242721920411016,0.8675727807958898,1,fn_0
unknown,unknown,artraid,0,unknown,-1,-1,unknown,-1,-1.0,cash_on_delivery,pickup_point,1,1,unknown,1,0,0.08242799466303274,0.9175720053369673,1,fn_0
unknown,unknown,ВХОДЯЩИЙ,0,unknown,-1,-1,unknown,-1,-1.0,cash_on_delivery,pickup_point,1,1,unknown,1,0,0.14520053105812358,0.8547994689418764,1,fn_0
unknown,unknown,npotpz,0,unknown,-1,-1,unknown,-1,-1.0,cash_on_delivery,pickup_point,0,1,unknown,1,0,0.11744078457696139,0.8825592154230386,1,fn_0
yur,unknown,Callibri,0,artraid,115367108,16614645519,desktop,-1,-1.0,cash_on_delivery,pickup_point,0,0,unknown,1,0,0.13468372789389582,0.8653162721061042,1,fn_0
yur,sleep,tilda,0,npotpz,116543546,16881572359,desktop,-1,-1.0,cash_on_delivery,pickup_point,0,0,unknown,1,0,0.1383244459943238,0.8616755540056762,1,fn_0
yur,unknown,artraid,0,unknown,-1,-1,unknown,-1,-1.0,cash_on_delivery,pickup_point,1,0,unknown,1,0,0.09254813249406357,0.9074518675059364,1,fn_0
yur,unknown,artraid,0,unknown,-1,-1,unknown,-1,-1.0,cash_on_delivery,door_delivery,1,0,unknown,1,0,0.1236114372576328,0.8763885627423672,1,fn_0
yur,unknown,npotpz,0,unknown,118075886,16839113984,desktop,-1,-1.0,cash_on_delivery,door_delivery,0,0,unknown,1,0,0.14309209977784898,0.856907900222151,1,fn_0
unknown,unknown,ВХОДЯЩИЙ,0,unknown,-1,-1,unknown,-1,-1.0,cash_on_delivery,pickup_point,1,1,unknown,1,0,0.14520053105812358,0.8547994689418764,1,fn_0
unknown,unknown,ВХОДЯЩИЙ,0,unknown,-1,-1,unknown,-1,-1.0,cash_on_delivery,pickup_point,1,1,unknown,1,0,0.14520053105812358,0.8547994689418764,1,fn_0
yur,unknown,npotpz,0,unknown,115509254,16624953471,desktop,-1,-1.0,cash_on_delivery,door_delivery,0,0,unknown,1,0,0.1413051646142066,0.8586948353857934,1,fn_0
unknown,unknown,artraid,0,unknown,-1,-1,unknown,-1,-1.0,cash_on_delivery,pickup_point,1,1,unknown,1,0,0.08242799466303274,0.9175720053369673,1,fn_0
yur,sleep,Callibri,0,npotpz,116543546,16700367732,desktop,-1,-1.0,cash_on_delivery,pickup_point,0,0,unknown,1,0,0.13347477654557693,0.8665252234544231,1,fn_0
yur,sleep,tilda,0,npotpz,116543546,16881572359,desktop,-1,-1.0,cash_on_delivery,pickup_point,0,0,unknown,1,0,0.1383244459943238,0.8616755540056762,1,fn_0
yur,unknown,artraid,0,unknown,-1,-1,unknown,-1,-1.0,cash_on_delivery,pickup_point,1,0,unknown,1,0,0.09254813249406357,0.9074518675059364,1,fn_0
unknown,unknown,ВХОДЯЩИЙ,0,unknown,-1,-1,unknown,-1,-1.0,cash_on_delivery,pickup_point,1,1,unknown,1,0,0.14520053105812358,0.8547994689418764,1,fn_0
unknown,unknown,artraid,0,unknown,-1,-1,unknown,-1,-1.0,cash_on_delivery,pickup_point,1,1,unknown,1,0,0.08242799466303274,0.9175720053369673,1,fn_0
yur,sleep,Callibri,0,npotpz,116543546,16881572359,desktop,-1,-1.0,cash_on_delivery,pickup_point,0,0,unknown,1,0,0.13947758606863303,0.860522413931367,1,fn_0
unknown,unknown,npotpz,0,unknown,-1,-1,unknown,-1,-1.0,cash_on_delivery,pickup_point,1,1,unknown,1,0,0.11053300571617752,0.8894669942838225,1,fn_0
yur,unknown,Callibri,0,artraid,118446528,16873208774,desktop,-1,-1.0,cash_on_delivery,pickup_point,0,0,unknown,1,0,0.14515784569073775,0.8548421543092622,1,fn_0
yur,unknown,unknown,0,unknown,-1,-1,unknown,-1,-1.0,cash_on_delivery,pickup_point,1,0,unknown,1,0,0.1262496381437146,0.8737503618562854,1,fn_0
unknown,unknown,artraid,0,unknown,-1,-1,unknown,-1,-1.0,cash_on_delivery,pickup_point,1,1,unknown,1,0,0.08242799466303274,0.9175720053369673,1,fn_0
unknown,unknown,artraid,1,unknown,-1,-1,unknown,-1,27.0,cash_on_delivery,pickup_point,1,1,medium,1,0,0.059100692472668914,0.9408993075273311,1,fn_0
yur,unknown,unknown,0,unknown,-1,-1,unknown,-1,-1.0,cash_on_delivery,pickup_point,1,0,unknown,1,0,0.1262496381437146,0.8737503618562854,1,fn_0
yur,unknown,Callibri,0,npotpz,118448375,16873296904,desktop,-1,-1.0,cash_on_delivery,pickup_point,0,0,unknown,1,0,0.14239316673353575,0.8576068332664643,1,fn_0
yur,unknown,Callibri,1,artraid,116057578,16779901272,desktop,-1,40.0,cash_on_delivery,pickup_point,0,0,small,1,0,0.1059323704684606,0.8940676295315394,1,fn_0
nim,sleep,tilda,1,artraid,118751760,16901002655,mobile,-1,30.0,cash_on_delivery,pickup_point,0,1,small,1,0,0.14569955082172215,0.8543004491782779,1,fn_0
unknown,unknown,artraid,0,unknown,-1,-1,unknown,-1,-1.0,cash_on_delivery,pickup_point,1,1,unknown,1,0,0.08242799466303274,0.9175720053369673,1,fn_0
unknown,unknown,npotpz,0,unknown,-1,-1,unknown,-1,-1.0,cash_on_delivery,door_delivery,1,1,unknown,1,0,0.13425820287808354,0.8657417971219165,1,fn_0
yur,unknown,npotpz,0,unknown,114317039,16504386267,desktop,-1,-1.0,cash_on_delivery,pickup_point,0,0,unknown,1,0,0.12102890943567468,0.8789710905643253,1,fn_0
unknown,other,npotpz,0,other,-1,-1,unknown,-1,-1.0,cash_on_delivery,pickup_point,1,1,unknown,1,0,0.12110111263016732,0.8788988873698327,1,fn_0
unknown,unknown,unknown,0,unknown,-1,-1,unknown,-1,-1.0,cash_on_delivery,pickup_point,1,1,unknown,1,0,0.11642827439750236,0.8835717256024976,1,fn_0
unknown,unknown,artraid,0,unknown,-1,-1,unknown,-1,-1.0,cash_on_delivery,pickup_point,1,1,unknown,1,0,0.08242799466303274,0.9175720053369673,1,fn_0
yur,unknown,artraid,0,unknown,-1,-1,unknown,-1,-1.0,cash_on_delivery,pickup_point,1,0,unknown,1,0,0.09254813249406357,0.9074518675059364,1,fn_0
yur,unknown,artraid,0,unknown,-1,-1,unknown,-1,-1.0,cash_on_delivery,post,1,0,unknown,0,0,0.13891003424272008,0.8610899657572799,1,fn_0
unknown,unknown,artraid,0,unknown,-1,-1,unknown,-1,-1.0,cash_on_delivery,pickup_point,1,1,unknown,1,0,0.08242799466303274,0.9175720053369673,1,fn_0
unknown,unknown,ВХОДЯЩИЙ,0,unknown,-1,-1,unknown,-1,-1.0,cash_on_delivery,pickup_point,1,1,unknown,1,0,0.14520053105812358,0.8547994689418764,1,fn_0
unknown,unknown,npotpz,0,unknown,-1,-1,unknown,-1,-1.0,cash_on_delivery,door_delivery,1,1,unknown,1,0,0.13425820287808354,0.8657417971219165,1,fn_0
yur,unknown,Callibri,0,artraid,114252495,16496823807,tablet,-1,-1.0,cash_on_delivery,pickup_point,0,0,unknown,1,0,0.13839742577007397,0.861602574229926,1,fn_0
nim,sleep,tilda,1,artraid,118751760,16901002655,mobile,-1,30.0,cash_on_delivery,pickup_point,0,1,small,1,0,0.14569955082172215,0.8543004491782779,1,fn_0
yur,unknown,Callibri,0,npotpz,118448375,16873296905,desktop,-1,-1.0,cash_on_delivery,door_delivery,0,0,unknown,1,0,0.14808508980511081,0.8519149101948892,1,fn_0
yur,unknown,artraid,0,unknown,-1,-1,unknown,-1,-1.0,cash_on_delivery,door_delivery,1,0,unknown,1,0,0.1236114372576328,0.8763885627423672,1,fn_0
unknown,unknown,artraid,0,unknown,-1,-1,unknown,-1,-1.0,cash_on_delivery,door_delivery,1,1,unknown,1,0,0.11248707455339535,0.8875129254466047,1,fn_0
unknown,unknown,ВХОДЯЩИЙ,0,unknown,-1,-1,unknown,-1,-1.0,cash_on_delivery,pickup_point,1,1,unknown,1,0,0.14520053105812358,0.8547994689418764,1,fn_0
unknown,unknown,unknown,1,unknown,-1,-1,unknown,-1,30.0,cash_on_delivery,pickup_point,1,1,medium,1,0,0.08549675612324747,0.9145032438767525,1,fn_0
unknown,unknown,artraid,0,unknown,-1,-1,unknown,-1,-1.0,cash_on_delivery,door_delivery,1,1,unknown,1,0,0.11248707455339535,0.8875129254466047,1,fn_0
unknown,unknown,artraid,1,unknown,-1,-1,unknown,-1,17.0,cash_on_delivery,pickup_point,1,1,medium,1,0,0.06406500001563364,0.9359349999843664,1,fn_0
yur,sleep,Callibri,1,npotpz,116543546,16700367732,mobile,-1,30.0,cash_on_delivery,pickup_point,0,0,small,1,0,0.13109800998692078,0.8689019900130792,1,fn_0
unknown,unknown,artraid,0,unknown,-1,-1,unknown,-1,-1.0,cash_on_delivery,post,1,1,unknown,0,0,0.12717118113781634,0.8728288188621837,1,fn_0
yur,sleep,tilda,1,npotpz,116543546,16700367732,mobile,-1,30.0,cash_on_delivery,pickup_point,0,0,small,1,0,0.13462301823926692,0.8653769817607331,1,fn_0
yur,unknown,unknown,0,unknown,-1,-1,unknown,-1,-1.0,cash_on_delivery,pickup_point,1,0,unknown,1,0,0.1262496381437146,0.8737503618562854,1,fn_0
yur,unknown,Callibri,0,artraid,115509254,16624953471,desktop,-1,-1.0,cash_on_delivery,pickup_point,0,0,unknown,1,0,0.13468372789389582,0.8653162721061042,1,fn_0
unknown,unknown,artraid,1,unknown,-1,-1,unknown,-1,40.0,cash_on_delivery,pickup_point,1,1,small,1,0,0.05363389908692062,0.9463661009130794,1,fn_0
unknown,unknown,npotpz,0,unknown,-1,-1,unknown,-1,-1.0,cash_on_delivery,pickup_point,1,1,unknown,1,0,0.11053300571617752,0.8894669942838225,1,fn_0
yur,sleep,Callibri,0,npotpz,119707922,16966851096,desktop,-1,-1.0,cash_on_delivery,pickup_point,0,0,unknown,1,0,0.14974457144444664,0.8502554285555534,1,fn_0
unknown,unknown,artraid,0,unknown,-1,-1,unknown,-1,-1.0,cash_on_delivery,post,1,1,unknown,0,0,0.12717118113781634,0.8728288188621837,1,fn_0
unknown,unknown,artraid,1,unknown,-1,-1,unknown,-1,43.0,cash_on_delivery,pickup_point,1,1,medium,1,0,0.05940717287535191,0.9405928271246481,1,fn_0
unknown,unknown,ВХОДЯЩИЙ,0,unknown,-1,-1,unknown,-1,-1.0,cash_on_delivery,pickup_point,1,1,unknown,1,0,0.14520053105812358,0.8547994689418764,1,fn_0
yur,unknown,Callibri,1,artraid,-1,-1,unknown,-1,43.0,cash_on_delivery,pickup_point,0,0,medium,1,0,0.14185512107552078,0.8581448789244792,1,fn_0
nim,other,Callibri,1,artraid,118908321,16914752571,tablet,-1,40.0,cash_on_delivery,pickup_point,0,1,medium,1,0,0.12202010103490135,0.8779798989650986,1,fn_0
unknown,unknown,ВХОДЯЩИЙ,1,unknown,-1,-1,unknown,-1,43.0,cash_on_delivery,pickup_point,1,1,medium,1,0,0.11000269793666806,0.8899973020633319,1,fn_0
yur,unknown,unknown,0,unknown,-1,-1,unknown,-1,-1.0,cash_on_delivery,pickup_point,1,1,unknown,1,0,0.1348247934549317,0.8651752065450683,1,fn_0
unknown,unknown,ВХОДЯЩИЙ,1,unknown,-1,-1,unknown,-1,30.0,cash_on_delivery,pickup_point,1,1,small,1,0,0.09983697418328785,0.9001630258167121,1,fn_0
yur,unknown,Callibri,1,npotpz,115367108,16614645518,mobile,-1,40.0,cash_on_delivery,pickup_point,0,0,medium,1,0,0.14226599962355702,0.857734000376443,1,fn_0
unknown,unknown,npotpz,1,unknown,-1,-1,unknown,-1,40.0,cash_on_delivery,pickup_point,1,1,small,1,0,0.07707190706464873,0.9229280929353513,1,fn_0
yur,unknown,Callibri,1,npotpz,118448375,16873296904,desktop,-1,40.0,cash_on_delivery,pickup_point,0,0,medium,1,0,0.11619487126638417,0.8838051287336158,1,fn_0
unknown,unknown,artraid,0,unknown,-1,-1,unknown,-1,-1.0,cash_on_delivery,post,1,1,unknown,0,0,0.12717118113781634,0.8728288188621837,1,fn_0
yur,unknown,Callibri,1,artraid,114317050,16504389645,mobile,-1,30.0,cash_on_delivery,pickup_point,0,0,medium,1,0,0.13910267690270084,0.8608973230972992,1,fn_0
unknown,unknown,artraid,0,unknown,-1,-1,unknown,-1,-1.0,cash_on_delivery,pickup_point,1,1,unknown,1,0,0.08242799466303274,0.9175720053369673,1,fn_0
yur,unknown,artraid,1,unknown,-1,-1,unknown,-1,50.0,cash_on_delivery,pickup_point,1,0,medium,1,0,0.0742049801954261,0.9257950198045739,1,fn_0
yur,unknown,Callibri,1,npotpz,119815667,16977882690,mobile,-1,40.0,cash_on_delivery,pickup_point,0,0,small,1,0,0.14985748663791965,0.8501425133620804,1,fn_0
unknown,unknown,unknown,1,unknown,-1,-1,unknown,-1,30.0,cash_on_delivery,pickup_point,1,1,medium,1,0,0.08549675612324747,0.9145032438767525,1,fn_0
unknown,unknown,ВХОДЯЩИЙ,0,unknown,-1,-1,unknown,-1,-1.0,cash_on_delivery,pickup_point,1,1,unknown,1,0,0.14520053105812358,0.8547994689418764,1,fn_0
yur,unknown,Callibri,1,npotpz,118448375,16873296904,mobile,-1,40.0,cash_on_delivery,pickup_point,0,0,small,1,0,0.1418950987002675,0.8581049012997325,1,fn_0
yur,unknown,Callibri,1,artraid,116057578,16779908314,mobile,-1,40.0,cash_on_delivery,pickup_point,0,0,medium,1,0,0.14688653661316353,0.8531134633868365,1,fn_0
yur,unknown,npotpz,1,unknown,114317039,16504386270,mobile,-1,30.0,cash_on_delivery,pickup_point,0,0,small,1,0,0.13000782332051386,0.8699921766794861,1,fn_0
yur,sleep,Callibri,1,npotpz,116543546,16881572359,mobile,-1,30.0,cash_on_delivery,pickup_point,0,0,small,1,0,0.13750231213603925,0.8624976878639607,1,fn_0
yur,sleep,Callibri,1,npotpz,116543546,16700367732,desktop,-1,30.0,cash_on_delivery,pickup_point,0,0,medium,1,0,0.10673292096924447,0.8932670790307555,1,fn_0
unknown,unknown,artraid,1,unknown,-1,-1,unknown,-1,35.0,cash_on_delivery,pickup_point,1,1,large,1,0,0.056026124189405,0.943973875810595,1,fn_0
yur,unknown,Callibri,0,artraid,116057578,16779908302,desktop,-1,-1.0,cash_on_delivery,pickup_point,0,0,unknown,1,0,0.13593592733811466,0.8640640726618853,1,fn_0
yur,unknown,Callibri,1,npotpz,118448375,16873296904,desktop,-1,40.0,cash_on_delivery,pickup_point,0,0,medium,1,0,0.11619487126638417,0.8838051287336158,1,fn_0
yur,unknown,unknown,1,unknown,-1,-1,unknown,-1,30.0,cash_on_delivery,pickup_point,1,0,medium,1,0,0.10298587154815186,0.8970141284518481,1,fn_0
unknown,unknown,artraid,0,unknown,-1,-1,unknown,-1,-1.0,cash_on_delivery,pickup_point,1,1,unknown,1,0,0.08242799466303274,0.9175720053369673,1,fn_0
yur,unknown,ВХОДЯЩИЙ,1,unknown,-1,-1,unknown,-1,40.0,cash_on_delivery,pickup_point,1,0,medium,1,0,0.1265690183802547,0.8734309816197453,1,fn_0
yur,unknown,unknown,1,unknown,-1,-1,unknown,-1,40.0,cash_on_delivery,door_delivery,0,0,small,1,0,0.13142863259866655,0.8685713674013334,1,fn_0
unknown,unknown,artraid,1,unknown,-1,-1,unknown,-1,40.0,cash_on_delivery,pickup_point,1,1,medium,1,0,0.0591768244111196,0.9408231755888804,1,fn_0
yur,sleep,tilda,1,npotpz,119707922,16966851098,desktop,-1,30.0,cash_on_delivery,door_delivery,0,0,medium,1,0,0.12496262223664845,0.8750373777633516,1,fn_0
unknown,unknown,artraid,1,unknown,-1,-1,unknown,-1,30.0,cash_on_delivery,pickup_point,1,1,medium,1,0,0.05862656139957423,0.9413734386004258,1,fn_0
yur,sleep,tilda,1,npotpz,116543546,16700367732,mobile,-1,30.0,cash_on_delivery,pickup_point,0,0,small,1,0,0.13462301823926692,0.8653769817607331,1,fn_0
yur,unknown,artraid,1,unknown,-1,-1,unknown,-1,30.0,cash_on_delivery,pickup_point,1,0,small,1,0,0.06760243981374237,0.9323975601862576,1,fn_0
yur,unknown,Callibri,1,artraid,115509254,16624953471,mobile,-1,40.0,cash_on_delivery,pickup_point,0,0,medium,1,0,0.14537994823942346,0.8546200517605765,1,fn_0
nim,sleep,Callibri,1,artraid,118751760,16901002655,mobile,-1,30.0,cash_on_delivery,pickup_point,0,1,small,1,0,0.14275526981823106,0.8572447301817689,1,fn_0
yur,unknown,unknown,1,unknown,115509254,16881572069,mobile,-1,40.0,cash_on_delivery,pickup_point,0,0,small,1,0,0.13789489722908443,0.8621051027709156,1,fn_0
yur,sleep,tilda,1,npotpz,116543546,16700367732,mobile,-1,30.0,cash_on_delivery,pickup_point,0,0,small,1,0,0.13462301823926692,0.8653769817607331,1,fn_0
unknown,unknown,ВХОДЯЩИЙ,0,unknown,-1,-1,unknown,-1,-1.0,cash_on_delivery,pickup_point,1,1,unknown,1,0,0.14520053105812358,0.8547994689418764,1,fn_0
yur,unknown,artraid,0,unknown,-1,-1,unknown,-1,-1.0,cash_on_delivery,pickup_point,1,0,unknown,1,0,0.09254813249406357,0.9074518675059364,1,fn_0
yur,unknown,ВХОДЯЩИЙ,1,unknown,-1,-1,unknown,-1,23.0,cash_on_delivery,pickup_point,1,0,large,1,0,0.12507079878336125,0.8749292012166388,1,fn_0
yur,unknown,unknown,1,unknown,-1,-1,unknown,-1,40.0,cash_on_delivery,pickup_point,1,0,medium,1,0,0.10390653065246558,0.8960934693475344,1,fn_0
gus,unknown,artraid,1,unknown,-1,-1,unknown,-1,23.0,cash_on_delivery,pickup_point,1,1,large,1,0,0.08643274299411086,0.9135672570058891,1,fn_0
unknown,unknown,artraid,0,unknown,-1,-1,unknown,-1,-1.0,cash_on_delivery,pickup_point,1,1,unknown,1,0,0.08242799466303274,0.9175720053369673,1,fn_0
unknown,unknown,ВХОДЯЩИЙ,0,unknown,-1,-1,unknown,-1,-1.0,cash_on_delivery,pickup_point,1,1,unknown,1,0,0.14520053105812358,0.8547994689418764,1,fn_0
unknown,unknown,artraid,0,unknown,-1,-1,unknown,-1,-1.0,cash_on_delivery,pickup_point,1,1,unknown,1,0,0.08242799466303274,0.9175720053369673,1,fn_0
yur,unknown,unknown,1,unknown,115509254,16881572070,desktop,-1,43.0,cash_on_delivery,door_delivery,0,0,medium,1,0,0.125128045014137,0.874871954985863,1,fn_0
unknown,unknown,artraid,1,unknown,-1,-1,unknown,-1,40.0,cash_on_delivery,pickup_point,1,1,small,1,0,0.05363389908692062,0.9463661009130794,1,fn_0
yur,unknown,Callibri,1,npotpz,118448375,16873296904,mobile,-1,35.0,cash_on_delivery,pickup_point,0,0,large,1,0,0.14690887319989487,0.8530911268001051,1,fn_0
unknown,unknown,ВХОДЯЩИЙ,1,unknown,-1,-1,unknown,-1,35.0,cash_on_delivery,door_delivery,1,1,large,1,0,0.13056395473053395,0.869436045269466,1,fn_0
gus,unknown,unknown,1,unknown,-1,-1,unknown,-1,40.0,cash_on_delivery,pickup_point,1,1,small,1,0,0.10917518837296236,0.8908248116270376,1,fn_0
yur,unknown,Callibri,1,artraid,115509254,16881572070,mobile,-1,43.0,cash_on_delivery,pickup_point,0,0,large,1,0,0.1483239047073297,0.8516760952926703,1,fn_0
yur,unknown,Callibri,1,npotpz,118448375,16873296904,desktop,-1,40.0,cash_on_delivery,pickup_point,0,0,medium,1,0,0.11619487126638417,0.8838051287336158,1,fn_0
but,unknown,unknown,1,unknown,-1,-1,unknown,-1,40.0,cash_on_delivery,pickup_point,0,0,small,1,0,0.13396124686749677,0.8660387531325032,1,fn_0
yur,unknown,unknown,1,unknown,-1,-1,unknown,-1,30.0,cash_on_delivery,door_delivery,1,0,large,1,0,0.13145832290808523,0.8685416770919148,1,fn_0
unknown,unknown,ВХОДЯЩИЙ,1,unknown,-1,-1,unknown,-1,30.0,cash_on_delivery,pickup_point,1,1,small,1,0,0.09983697418328785,0.9001630258167121,1,fn_0
yur,unknown,unknown,1,unknown,-1,-1,unknown,-1,30.0,cash_on_delivery,pickup_point,1,0,small,1,0,0.09578507283623261,0.9042149271637674,1,fn_0
unknown,unknown,artraid,0,unknown,-1,-1,unknown,-1,-1.0,cash_on_delivery,pickup_point,1,1,unknown,1,0,0.08242799466303274,0.9175720053369673,1,fn_0
yur,unknown,npotpz,1,unknown,118075886,16881592859,desktop,-1,30.0,cash_on_delivery,pickup_point,0,0,small,1,0,0.09883888203818525,0.9011611179618148,1,fn_0
unknown,unknown,artraid,1,unknown,-1,-1,unknown,-1,30.0,cash_on_delivery,pickup_point,1,1,small,1,0,0.053132266880244305,0.9468677331197557,1,fn_0
yur,unknown,unknown,1,unknown,-1,-1,unknown,-1,35.0,cash_on_delivery,pickup_point,1,0,large,1,0,0.09983407846204417,0.9001659215379558,1,fn_0
but,other,tilda,1,artraid,118940790,16917691930,desktop,-1,40.0,cash_on_delivery,pickup_point,1,0,medium,1,0,0.1329164945856256,0.8670835054143744,1,fn_0
yur,unknown,npotpz,1,unknown,115367108,16614645518,mobile,-1,40.0,cash_on_delivery,pickup_point,0,0,small,1,0,0.1367195383960993,0.8632804616039007,1,fn_0
nim,unknown,artraid,1,unknown,-1,-1,unknown,-1,30.0,cash_on_delivery,pickup_point,1,1,small,1,0,0.0760345497485202,0.9239654502514798,1,fn_0
unknown,unknown,artraid,1,unknown,-1,-1,unknown,-1,30.0,cash_on_delivery,door_delivery,1,1,small,1,0,0.08034002112394145,0.9196599788760585,1,fn_0
unknown,unknown,unknown,0,unknown,-1,-1,unknown,-1,-1.0,cash_on_delivery,pickup_point,1,1,unknown,1,0,0.11642827439750236,0.8835717256024976,1,fn_0
nim,other,tilda,1,artraid,700476083,17056684328,desktop,-1,40.0,cash_on_delivery,pickup_point,0,1,medium,1,0,0.12832543114858974,0.8716745688514103,1,fn_0
unknown,unknown,ВХОДЯЩИЙ,1,unknown,-1,-1,unknown,-1,40.0,cash_on_delivery,pickup_point,1,1,medium,1,0,0.10914296794309286,0.8908570320569071,1,fn_0
unknown,unknown,npotpz,1,unknown,-1,-1,unknown,-1,30.0,cash_on_delivery,pickup_point,1,1,small,1,0,0.07592092208989765,0.9240790779101024,1,fn_0
unknown,unknown,ВХОДЯЩИЙ,1,unknown,-1,-1,unknown,-1,43.0,cash_on_delivery,pickup_point,1,1,medium,1,0,0.11000269793666806,0.8899973020633319,1,fn_0
yur,unknown,npotpz,1,unknown,118448375,16873296904,desktop,-1,40.0,cash_on_delivery,pickup_point,0,0,small,1,0,0.10204118604295564,0.8979588139570444,1,fn_0
unknown,unknown,ВХОДЯЩИЙ,0,unknown,-1,-1,unknown,-1,-1.0,cash_on_delivery,pickup_point,1,1,unknown,1,0,0.14520053105812358,0.8547994689418764,1,fn_0
yur,unknown,Callibri,1,npotpz,118448375,16873296904,desktop,-1,40.0,cash_on_delivery,pickup_point,0,0,medium,1,0,0.11619487126638417,0.8838051287336158,1,fn_0
yur,unknown,Callibri,0,npotpz,700843138,17090008051,mobile,-1,-1.0,online,pickup_point,0,0,unknown,1,0,0.12085887119871375,0.8791411288012863,1,fn_0
gus,unknown,unknown,1,unknown,-1,-1,unknown,-1,40.0,cash_on_delivery,door_delivery,1,1,medium,1,0,0.14551129830343956,0.8544887016965604,1,fn_0
unknown,unknown,ВХОДЯЩИЙ,1,unknown,-1,-1,unknown,-1,35.0,cash_on_delivery,door_delivery,1,1,large,1,0,0.13056395473053395,0.869436045269466,1,fn_0
unknown,unknown,ВХОДЯЩИЙ,1,unknown,-1,-1,unknown,-1,40.0,cash_on_delivery,pickup_point,1,1,medium,1,0,0.10914296794309286,0.8908570320569071,1,fn_0
yur,unknown,Callibri,1,npotpz,118448375,16873296904,mobile,-1,30.0,cash_on_delivery,pickup_point,0,0,small,1,0,0.14029789649328406,0.8597021035067159,1,fn_0
unknown,unknown,artraid,1,unknown,-1,-1,unknown,-1,40.0,cash_on_delivery,pickup_point,1,1,small,1,0,0.05363389908692062,0.9463661009130794,1,fn_0
unknown,unknown,ВХОДЯЩИЙ,0,unknown,-1,-1,unknown,-1,-1.0,cash_on_delivery,pickup_point,1,1,unknown,1,0,0.14520053105812358,0.8547994689418764,1,fn_0
but,unknown,unknown,1,unknown,-1,-1,unknown,-1,43.0,cash_on_delivery,pickup_point,1,0,large,1,0,0.12932437654733897,0.870675623452661,1,fn_0
yur,unknown,ВХОДЯЩИЙ,1,unknown,-1,-1,unknown,-1,40.0,cash_on_delivery,pickup_point,0,0,small,1,0,0.12398098991560935,0.8760190100843906,1,fn_0
unknown,unknown,unknown,1,unknown,-1,-1,unknown,-1,40.0,cash_on_delivery,pickup_point,1,1,large,1,0,0.08273180147709025,0.9172681985229098,1,fn_0
unknown,unknown,ВХОДЯЩИЙ,1,unknown,-1,-1,unknown,-1,40.0,cash_on_delivery,pickup_point,1,1,medium,1,0,0.10914296794309286,0.8908570320569071,1,fn_0
nim,other,tilda,1,artraid,118740070,16900140070,desktop,-1,40.0,cash_on_delivery,pickup_point,0,1,medium,1,0,0.1153305565710554,0.8846694434289446,1,fn_0
unknown,unknown,ВХОДЯЩИЙ,1,unknown,-1,-1,unknown,-1,21.0,cash_on_delivery,pickup_point,1,1,large,1,0,0.10994588568487151,0.8900541143151285,1,fn_0
yur,unknown,unknown,1,unknown,-1,-1,unknown,-1,30.0,cash_on_delivery,door_delivery,1,0,small,1,0,0.1282942137550248,0.8717057862449752,1,fn_0
unknown,unknown,unknown,1,unknown,-1,-1,unknown,-1,50.0,cash_on_delivery,pickup_point,1,1,medium,1,0,0.08645365617985168,0.9135463438201483,1,fn_0
yur,unknown,Callibri,1,npotpz,118448375,16873296904,mobile,-1,40.0,cash_on_delivery,pickup_point,0,0,small,1,0,0.1418950987002675,0.8581049012997325,1,fn_0
unknown,unknown,ВХОДЯЩИЙ,1,unknown,-1,-1,unknown,-1,30.0,cash_on_delivery,door_delivery,1,1,medium,1,0,0.13125745513936882,0.8687425448606312,1,fn_0
unknown,unknown,Callibri,1,unknown,-1,-1,unknown,-1,43.0,cash_on_delivery,pickup_point,1,1,medium,1,0,0.1164493163221918,0.8835506836778082,1,fn_0
yur,unknown,ВХОДЯЩИЙ,1,unknown,-1,-1,unknown,-1,40.0,cash_on_delivery,door_delivery,1,0,medium,1,0,0.14834043684376919,0.8516595631562308,1,fn_0
unknown,unknown,ВХОДЯЩИЙ,1,unknown,-1,-1,unknown,-1,40.0,cash_on_delivery,pickup_point,1,1,small,1,0,0.10163253521479931,0.8983674647852007,1,fn_0
but,unknown,unknown,1,unknown,-1,-1,unknown,-1,30.0,cash_on_delivery,pickup_point,1,0,medium,1,0,0.1349456498001418,0.8650543501998582,1,fn_0
unknown,unknown,artraid,0,unknown,-1,-1,unknown,-1,-1.0,cash_on_delivery,post,1,1,unknown,0,0,0.12717118113781634,0.8728288188621837,1,fn_0
unknown,unknown,unknown,1,unknown,-1,-1,unknown,-1,40.0,cash_on_delivery,pickup_point,1,1,small,1,0,0.0791689992888599,0.9208310007111401,1,fn_0
unknown,unknown,ВХОДЯЩИЙ,1,unknown,-1,-1,unknown,-1,30.0,cash_on_delivery,pickup_point,1,1,small,1,0,0.09983697418328785,0.9001630258167121,1,fn_0
yur,unknown,npotpz,1,unknown,118075886,16920648254,mobile,-1,40.0,online,pickup_point,0,0,medium,1,0,0.04902087963576418,0.9509791203642358,1,fn_0
unknown,unknown,ВХОДЯЩИЙ,1,unknown,-1,-1,unknown,-1,40.0,cash_on_delivery,pickup_point,1,1,medium,1,0,0.10914296794309286,0.8908570320569071,1,fn_0
unknown,unknown,ВХОДЯЩИЙ,0,unknown,-1,-1,unknown,-1,-1.0,cash_on_delivery,pickup_point,1,1,unknown,1,0,0.14520053105812358,0.8547994689418764,1,fn_0
unknown,unknown,unknown,1,unknown,-1,-1,unknown,-1,40.0,cash_on_delivery,door_delivery,1,1,medium,1,0,0.11752770259655898,0.882472297403441,1,fn_0
yur,unknown,Callibri,1,npotpz,119815667,16977882692,desktop,-1,40.0,cash_on_delivery,pickup_point,0,0,medium,1,0,0.12177020420462481,0.8782297957953752,1,fn_0
unknown,unknown,Callibri,1,unknown,-1,-1,unknown,-1,30.0,cash_on_delivery,door_delivery,1,1,small,1,0,0.1332375313246309,0.8667624686753691,1,fn_0
yur,unknown,Callibri,1,npotpz,115367108,16614645518,mobile,-1,40.0,cash_on_delivery,pickup_point,0,0,medium,1,0,0.14226599962355702,0.857734000376443,1,fn_0
unknown,unknown,ВХОДЯЩИЙ,1,unknown,-1,-1,unknown,-1,35.0,online,post,1,1,large,0,0,0.07823931221258451,0.9217606877874155,1,fn_0
but,other,tilda,1,artraid,119773832,16974364360,desktop,-1,40.0,cash_on_delivery,pickup_point,1,0,medium,1,0,0.13451684599530467,0.8654831540046953,1,fn_0
unknown,unknown,artraid,0,unknown,-1,-1,unknown,-1,-1.0,cash_on_delivery,pickup_point,1,1,unknown,1,0,0.08242799466303274,0.9175720053369673,1,fn_0
unknown,unknown,npotpz,1,unknown,-1,-1,unknown,-1,30.0,cash_on_delivery,pickup_point,1,1,small,1,0,0.07592092208989765,0.9240790779101024,1,fn_0
yur,unknown,unknown,1,unknown,-1,-1,unknown,-1,40.0,cash_on_delivery,pickup_point,0,0,medium,1,0,0.10843285451178797,0.891567145488212,1,fn_0
yur,unknown,Callibri,1,npotpz,118448375,16873296906,desktop,-1,30.0,cash_on_delivery,pickup_point,0,0,small,1,0,0.10782346877167925,0.8921765312283207,1,fn_0
unknown,unknown,artraid,1,unknown,-1,-1,unknown,-1,20.0,cash_on_delivery,door_delivery,1,1,large,1,0,0.095738514565339,0.904261485434661,1,fn_0
unknown,unknown,ВХОДЯЩИЙ,1,unknown,-1,-1,unknown,-1,40.0,cash_on_delivery,pickup_point,1,1,medium,1,0,0.10914296794309286,0.8908570320569071,1,fn_0
unknown,unknown,ВХОДЯЩИЙ,1,unknown,-1,-1,unknown,-1,43.0,cash_on_delivery,pickup_point,1,1,large,1,0,0.10599040642528024,0.8940095935747198,1,fn_0
unknown,unknown,artraid,0,unknown,-1,-1,unknown,-1,-1.0,cash_on_delivery,pickup_point,1,1,unknown,1,0,0.08242799466303274,0.9175720053369673,1,fn_0
yur,unknown,unknown,1,unknown,-1,-1,unknown,-1,30.0,cash_on_delivery,pickup_point,0,0,small,1,0,0.09999709327472839,0.9000029067252716,1,fn_0
unknown,unknown,npotpz,0,unknown,-1,-1,unknown,-1,-1.0,cash_on_delivery,pickup_point,1,1,unknown,1,0,0.11053300571617752,0.8894669942838225,1,fn_0
unknown,other,artraid,0,other,-1,-1,unknown,-1,-1.0,cash_on_delivery,post,1,1,unknown,0,0,0.12565182319078116,0.8743481768092188,1,fn_0
yur,unknown,npotpz,1,unknown,118075886,16839114005,mobile,-1,40.0,cash_on_delivery,pickup_point,0,0,small,1,0,0.14151712620765233,0.8584828737923477,1,fn_0
yur,unknown,Callibri,1,npotpz,115367108,16881571732,mobile,-1,30.0,cash_on_delivery,pickup_point,0,0,medium,1,0,0.14483464387301792,0.8551653561269821,1,fn_0
nim,other,Callibri,1,artraid,118740021,16900136272,desktop,-1,30.0,cash_on_delivery,pickup_point,0,1,medium,1,0,0.11605039569208764,0.8839496043079124,1,fn_0
unknown,unknown,unknown,1,unknown,-1,-1,unknown,-1,30.0,cash_on_delivery,door_delivery,1,1,medium,1,0,0.11656403707778962,0.8834359629222104,1,fn_0
yur,unknown,npotpz,1,unknown,115367108,16881571731,desktop,-1,30.0,cash_on_delivery,pickup_point,0,0,small,1,0,0.09712340557996268,0.9028765944200373,1,fn_0
unknown,unknown,ВХОДЯЩИЙ,1,unknown,-1,-1,unknown,-1,40.0,cash_on_delivery,pickup_point,1,1,medium,1,0,0.10914296794309286,0.8908570320569071,1,fn_0
unknown,unknown,ВХОДЯЩИЙ,1,unknown,-1,-1,unknown,-1,30.0,cash_on_delivery,pickup_point,1,1,small,1,0,0.09983697418328785,0.9001630258167121,1,fn_0
yur,unknown,npotpz,1,unknown,119815667,16977882691,desktop,-1,30.0,cash_on_delivery,pickup_point,0,0,small,1,0,0.10641820235097432,0.8935817976490257,1,fn_0
yur,unknown,npotpz,1,unknown,118075886,16839113984,mobile,-1,30.0,cash_on_delivery,pickup_point,0,0,small,1,0,0.13912809194234,0.86087190805766,1,fn_0
nim,other,tilda,1,artraid,118740070,16900140070,mobile,-1,40.0,cash_on_delivery,pickup_point,0,1,small,1,0,0.14510448043186341,0.8548955195681366,1,fn_0
unknown,unknown,unknown,0,unknown,-1,-1,unknown,-1,-1.0,cash_on_delivery,pickup_point,1,1,unknown,1,0,0.11642827439750236,0.8835717256024976,1,fn_0
unknown,unknown,artraid,1,unknown,-1,-1,unknown,-1,30.0,cash_on_delivery,door_delivery,1,1,small,1,0,0.08034002112394145,0.9196599788760585,1,fn_0
unknown,unknown,unknown,0,unknown,-1,-1,unknown,-1,-1.0,cash_on_delivery,pickup_point,1,1,unknown,1,0,0.11642827439750236,0.8835717256024976,1,fn_0
unknown,unknown,ВХОДЯЩИЙ,1,unknown,-1,-1,unknown,-1,22.0,cash_on_delivery,pickup_point,1,1,large,1,0,0.10833669980460059,0.8916633001953994,1,fn_0
but,other,tilda,1,artraid,118940376,16917659207,desktop,-1,43.0,cash_on_delivery,pickup_point,1,0,medium,1,0,0.13408217033666514,0.8659178296633349,1,fn_0
unknown,unknown,unknown,1,unknown,-1,-1,unknown,-1,40.0,cash_on_delivery,pickup_point,1,1,small,1,0,0.0791689992888599,0.9208310007111401,1,fn_0
unknown,unknown,ВХОДЯЩИЙ,1,unknown,-1,-1,unknown,-1,40.0,cash_on_delivery,pickup_point,1,1,medium,1,0,0.10914296794309286,0.8908570320569071,1,fn_0
yur,unknown,ВХОДЯЩИЙ,1,unknown,-1,-1,unknown,-1,40.0,cash_on_delivery,pickup_point,0,0,small,1,0,0.12398098991560935,0.8760190100843906,1,fn_0
yur,unknown,unknown,0,unknown,-1,-1,unknown,-1,-1.0,cash_on_delivery,pickup_point,1,0,unknown,1,0,0.1262496381437146,0.8737503618562854,1,fn_0
yur,unknown,ВХОДЯЩИЙ,1,unknown,-1,-1,unknown,-1,40.0,cash_on_delivery,pickup_point,1,0,medium,1,0,0.1265690183802547,0.8734309816197453,1,fn_0
unknown,unknown,ВХОДЯЩИЙ,1,unknown,-1,-1,unknown,-1,30.0,cash_on_delivery,pickup_point,1,1,small,1,0,0.09983697418328785,0.9001630258167121,1,fn_0
unknown,unknown,artraid,1,unknown,-1,-1,unknown,-1,4.0,cash_on_delivery,door_delivery,1,1,unknown,1,0,0.09984905454995152,0.9001509454500485,1,fn_0
but,unknown,unknown,1,unknown,-1,-1,unknown,-1,40.0,cash_on_delivery,pickup_point,0,0,medium,1,0,0.14006994931759942,0.8599300506824006,1,fn_0
unknown,unknown,unknown,1,unknown,-1,-1,unknown,-1,30.0,cash_on_delivery,pickup_point,1,1,medium,1,0,0.08549675612324747,0.9145032438767525,1,fn_0
nim,sleep,Callibri,1,artraid,118751984,16901019575,tablet,-1,30.0,cash_on_delivery,pickup_point,0,1,small,1,0,0.11598891466466921,0.8840110853353308,1,fn_0
yur,unknown,Callibri,1,npotpz,118448375,16873296904,mobile,-1,40.0,cash_on_delivery,pickup_point,0,0,small,1,0,0.1418950987002675,0.8581049012997325,1,fn_0
yur,unknown,npotpz,1,unknown,702356894,17214805233,desktop,-1,40.0,cash_on_delivery,pickup_point,0,0,medium,1,0,0.14665395108252965,0.8533460489174703,1,fn_0
yur,unknown,Callibri,1,artraid,116391666,16689362727,desktop,-1,40.0,cash_on_delivery,pickup_point,0,0,small,1,0,0.10504400071577702,0.894955999284223,1,fn_0
dem,unknown,ВХОДЯЩИЙ,1,unknown,-1,-1,unknown,-1,40.0,cash_on_delivery,pickup_point,1,1,medium,1,0,0.14712825025644305,0.852871749743557,1,fn_0
unknown,unknown,artraid,0,unknown,-1,-1,unknown,-1,-1.0,cash_on_delivery,post,1,1,unknown,0,0,0.12717118113781634,0.8728288188621837,1,fn_0
yur,unknown,ВХОДЯЩИЙ,1,unknown,-1,-1,unknown,-1,40.0,cash_on_delivery,pickup_point,1,0,medium,1,0,0.1265690183802547,0.8734309816197453,1,fn_0
yur,unknown,npotpz,1,unknown,702356894,17214805233,desktop,-1,30.0,cash_on_delivery,pickup_point,0,0,medium,1,0,0.14694285895112247,0.8530571410488775,1,fn_0
nim,sleep,Callibri,1,artraid,118751984,16901019575,mobile,-1,30.0,cash_on_delivery,pickup_point,0,1,small,1,0,0.14450039078628552,0.8554996092137145,1,fn_0
yur,unknown,unknown,1,unknown,-1,-1,unknown,-1,40.0,cash_on_delivery,pickup_point,1,0,medium,1,0,0.10390653065246558,0.8960934693475344,1,fn_0
unknown,unknown,artraid,1,unknown,-1,-1,unknown,-1,30.0,cash_on_delivery,pickup_point,1,1,medium,1,0,0.05862656139957423,0.9413734386004258,1,fn_0
unknown,unknown,npotpz,1,unknown,-1,-1,unknown,-1,40.0,cash_on_delivery,door_delivery,1,1,medium,1,0,0.10419865406086504,0.895801345939135,1,fn_0
unknown,unknown,npotpz,1,unknown,-1,-1,unknown,-1,40.0,cash_on_delivery,pickup_point,1,1,medium,1,0,0.07994015958921963,0.9200598404107804,1,fn_0
nim,sleep,tilda,1,artraid,118751984,16901019575,mobile,-1,30.0,cash_on_delivery,pickup_point,0,1,small,1,0,0.14747447243155787,0.8525255275684421,1,fn_0
yur,unknown,ВХОДЯЩИЙ,1,unknown,-1,-1,unknown,-1,30.0,cash_on_delivery,pickup_point,1,0,medium,1,0,0.1243939023394337,0.8756060976605663,1,fn_0
unknown,unknown,unknown,1,unknown,-1,-1,unknown,-1,30.0,cash_on_delivery,pickup_point,1,1,medium,1,0,0.08549675612324747,0.9145032438767525,1,fn_0
yur,unknown,npotpz,1,unknown,702279529,17208633173,tablet,-1,30.0,cash_on_delivery,pickup_point,0,0,small,1,0,0.14308375962812458,0.8569162403718754,1,fn_0
yur,unknown,npotpz,1,unknown,119815667,16977882691,desktop,-1,30.0,cash_on_delivery,pickup_point,0,0,medium,1,0,0.11636317739588975,0.8836368226041103,1,fn_0
unknown,unknown,unknown,0,unknown,-1,-1,unknown,-1,-1.0,online,pickup_point,1,1,unknown,1,0,0.03916257353964192,0.9608374264603581,1,fn_0
yur,unknown,npotpz,1,unknown,-1,-1,unknown,-1,30.0,cash_on_delivery,pickup_point,1,0,small,1,0,0.09287621983448513,0.9071237801655149,1,fn_0
but,unknown,unknown,1,unknown,-1,-1,unknown,-1,30.0,cash_on_delivery,pickup_point,1,0,medium,1,0,0.1349456498001418,0.8650543501998582,1,fn_0
unknown,unknown,artraid,1,unknown,-1,-1,unknown,-1,30.0,cash_on_delivery,pickup_point,1,1,medium,1,0,0.05862656139957423,0.9413734386004258,1,fn_0
unknown,unknown,ВХОДЯЩИЙ,1,unknown,-1,-1,unknown,-1,21.0,cash_on_delivery,pickup_point,1,1,large,1,0,0.10994588568487151,0.8900541143151285,1,fn_0
unknown,other,unknown,1,other,-1,-1,unknown,-1,15.0,cash_on_delivery,pickup_point,1,1,medium,1,0,0.10027475567869115,0.8997252443213088,1,fn_0
unknown,other,tilda,1,other,-1,-1,unknown,-1,41.0,cash_on_delivery,pickup_point,1,1,medium,1,0,0.1368233384919174,0.8631766615080826,1,fn_0
yur,unknown,unknown,1,unknown,-1,-1,unknown,-1,40.0,cash_on_delivery,door_delivery,1,0,medium,1,0,0.1332842574406169,0.8667157425593831,1,fn_0
unknown,other,unknown,1,other,-1,-1,unknown,-1,50.0,cash_on_delivery,pickup_point,1,1,large,1,0,0.08708029531508132,0.9129197046849187,1,fn_0
unknown,unknown,unknown,1,unknown,-1,-1,unknown,-1,40.0,cash_on_delivery,pickup_point,1,1,medium,1,0,0.08627610607063552,0.9137238939293645,1,fn_0
nim,other,tilda,1,artraid,118740070,16900140072,desktop,-1,40.0,cash_on_delivery,door_delivery,0,1,small,1,0,0.11366940574894835,0.8863305942510517,1,fn_0
unknown,unknown,npotpz,1,unknown,-1,-1,unknown,-1,40.0,cash_on_delivery,pickup_point,1,1,medium,1,0,0.07994015958921963,0.9200598404107804,1,fn_0
unknown,unknown,ВХОДЯЩИЙ,1,unknown,-1,-1,unknown,-1,30.0,cash_on_delivery,pickup_point,1,1,medium,1,0,0.10723055656540181,0.8927694434345982,1,fn_0
unknown,unknown,artraid,1,unknown,-1,-1,unknown,-1,50.0,cash_on_delivery,pickup_point,1,1,medium,1,0,0.0593022255835195,0.9406977744164805,1,fn_0
yur,unknown,npotpz,1,unknown,702467952,17224744124,desktop,-1,30.0,cash_on_delivery,pickup_point,0,0,medium,1,0,0.14915476727205357,0.8508452327279464,1,fn_0
yur,unknown,npotpz,1,unknown,702152943,17198276584,desktop,-1,40.0,cash_on_delivery,door_delivery,0,0,large,1,0,0.14390230308828356,0.8560976969117164,1,fn_0
unknown,other,unknown,1,other,-1,-1,unknown,-1,40.0,cash_on_delivery,pickup_point,1,1,medium,1,0,0.09160361511232096,0.908396384887679,1,fn_0
unknown,unknown,unknown,1,unknown,-1,-1,unknown,-1,40.0,cash_on_delivery,pickup_point,1,1,small,1,0,0.0791689992888599,0.9208310007111401,1,fn_0
nim,unknown,ВХОДЯЩИЙ,1,unknown,-1,-1,unknown,-1,40.0,cash_on_delivery,pickup_point,1,1,medium,1,0,0.1427108906795459,0.8572891093204541,1,fn_0
unknown,other,ВХОДЯЩИЙ,1,other,-1,-1,unknown,-1,40.0,cash_on_delivery,pickup_point,1,1,medium,1,0,0.11469685064702861,0.8853031493529714,1,fn_0
unknown,other,unknown,1,other,-1,-1,unknown,-1,30.0,cash_on_delivery,pickup_point,1,1,medium,1,0,0.09078092196921472,0.9092190780307853,1,fn_0
unknown,other,ВХОДЯЩИЙ,1,other,-1,-1,unknown,-1,40.0,cash_on_delivery,pickup_point,1,1,small,1,0,0.10531801202458513,0.8946819879754149,1,fn_0
unknown,unknown,npotpz,1,unknown,-1,-1,unknown,-1,40.0,cash_on_delivery,pickup_point,1,1,small,1,0,0.07707190706464873,0.9229280929353513,1,fn_0
unknown,other,unknown,1,other,-1,-1,unknown,-1,50.0,cash_on_delivery,pickup_point,1,1,medium,1,0,0.09179102747065482,0.9082089725293452,1,fn_0
unknown,unknown,ВХОДЯЩИЙ,0,unknown,-1,-1,unknown,-1,-1.0,cash_on_delivery,pickup_point,1,1,unknown,1,0,0.14520053105812358,0.8547994689418764,1,fn_0
unknown,unknown,npotpz,1,unknown,-1,-1,unknown,-1,30.0,cash_on_delivery,pickup_point,0,1,small,1,0,0.08125707908506796,0.918742920914932,1,fn_0
unknown,unknown,npotpz,1,unknown,-1,-1,unknown,-1,40.0,cash_on_delivery,pickup_point,1,1,small,1,0,0.07707190706464873,0.9229280929353513,1,fn_0
unknown,other,unknown,1,other,-1,-1,unknown,-1,40.0,cash_on_delivery,pickup_point,1,1,medium,1,0,0.09160361511232096,0.908396384887679,1,fn_0
yur,unknown,Callibri,1,npotpz,118448375,16873296904,desktop,-1,40.0,cash_on_delivery,pickup_point,0,0,medium,1,0,0.11619487126638417,0.8838051287336158,1,fn_0
dem,unknown,ВХОДЯЩИЙ,1,unknown,-1,-1,unknown,-1,40.0,cash_on_delivery,pickup_point,1,1,medium,1,0,0.14712825025644305,0.852871749743557,1,fn_0
unknown,other,unknown,0,other,-1,-1,unknown,-1,-1.0,cash_on_delivery,pickup_point,1,1,unknown,1,0,0.12942585545931207,0.8705741445406879,1,fn_0
unknown,unknown,npotpz,1,unknown,-1,-1,unknown,-1,30.0,cash_on_delivery,pickup_point,1,1,medium,1,0,0.0787499952715619,0.9212500047284381,1,fn_0
dem,unknown,ВХОДЯЩИЙ,1,unknown,-1,-1,unknown,-1,30.0,cash_on_delivery,pickup_point,1,1,small,1,0,0.13497086773704958,0.8650291322629504,1,fn_0
unknown,unknown,ВХОДЯЩИЙ,1,unknown,-1,-1,unknown,-1,40.0,cash_on_delivery,door_delivery,1,1,medium,1,0,0.13373032752706193,0.8662696724729381,1,fn_0
yur,unknown,npotpz,1,unknown,702467942,17224743482,desktop,-1,40.0,cash_on_delivery,pickup_point,0,0,medium,1,0,0.14886226941756397,0.851137730582436,1,fn_0
unknown,unknown,ВХОДЯЩИЙ,0,unknown,-1,-1,unknown,-1,-1.0,cash_on_delivery,pickup_point,1,1,unknown,1,0,0.14520053105812358,0.8547994689418764,1,fn_0
unknown,other,unknown,1,other,-1,-1,unknown,-1,30.0,cash_on_delivery,pickup_point,1,1,small,1,0,0.08211065650206972,0.9178893434979303,1,fn_0
yur,unknown,npotpz,1,unknown,-1,-1,unknown,-1,40.0,cash_on_delivery,door_delivery,1,0,medium,1,0,0.11825828579321351,0.8817417142067865,1,fn_0
unknown,unknown,ВХОДЯЩИЙ,1,unknown,-1,-1,unknown,-1,40.0,cash_on_delivery,door_delivery,1,1,medium,1,0,0.13373032752706193,0.8662696724729381,1,fn_0
unknown,unknown,npotpz,1,unknown,-1,-1,unknown,-1,40.0,cash_on_delivery,pickup_point,1,1,medium,1,0,0.07994015958921963,0.9200598404107804,1,fn_0
dem,sustav,tilda,1,artraid,702176041,17199841277,mobile,-1,35.0,online,pickup_point,0,1,large,1,0,0.07699356442301619,0.9230064355769838,1,fn_0
dem,other,ВХОДЯЩИЙ,1,other,-1,-1,unknown,-1,40.0,cash_on_delivery,pickup_point,1,1,medium,1,0,0.1489471534195459,0.8510528465804541,1,fn_0
unknown,unknown,ВХОДЯЩИЙ,1,unknown,-1,-1,unknown,-1,40.0,cash_on_delivery,door_delivery,1,1,small,1,0,0.12978615331340781,0.8702138466865922,1,fn_0
unknown,unknown,npotpz,1,unknown,-1,-1,unknown,-1,40.0,cash_on_delivery,door_delivery,1,1,small,1,0,0.10123765415901542,0.8987623458409846,1,fn_0
unknown,unknown,Callibri,1,npotpz,-1,-1,unknown,-1,30.0,cash_on_delivery,door_delivery,1,1,small,1,0,0.13287546442466314,0.8671245355753369,1,fn_0
dem,other,unknown,1,other,-1,-1,unknown,-1,31.0,cash_on_delivery,door_delivery,1,1,large,1,0,0.13675101607229945,0.8632489839277006,1,fn_0
unknown,unknown,ВХОДЯЩИЙ,1,unknown,-1,-1,unknown,-1,40.0,cash_on_delivery,door_delivery,1,1,medium,1,0,0.13373032752706193,0.8662696724729381,1,fn_0
nim,unknown,ВХОДЯЩИЙ,1,unknown,-1,-1,unknown,-1,30.0,cash_on_delivery,pickup_point,1,1,small,1,0,0.1326726934674819,0.8673273065325181,1,fn_0
yur,unknown,npotpz,1,unknown,115367108,17256366382,desktop,-1,40.0,cash_on_delivery,door_delivery,0,0,small,1,0,0.12056171664892401,0.879438283351076,1,fn_0
dem,unknown,ВХОДЯЩИЙ,1,unknown,-1,-1,unknown,-1,40.0,cash_on_delivery,pickup_point,1,1,medium,1,0,0.14712825025644305,0.852871749743557,1,fn_0
nim,varikoz,tilda,1,artraid,701745533,17161722272,desktop,-1,40.0,cash_on_delivery,pickup_point,0,1,medium,1,0,0.14361925628173378,0.8563807437182662,1,fn_0
unknown,unknown,ВХОДЯЩИЙ,1,unknown,-1,-1,unknown,-1,31.0,cash_on_delivery,door_delivery,1,1,large,1,0,0.1285119794270948,0.8714880205729052,1,fn_0
nim,other,tilda,1,artraid,118740070,16900140072,desktop,-1,40.0,cash_on_delivery,door_delivery,0,1,medium,1,0,0.12048232235859457,0.8795176776414054,1,fn_0
unknown,unknown,npotpz,1,unknown,-1,-1,unknown,-1,40.0,cash_on_delivery,pickup_point,1,1,medium,1,0,0.07994015958921963,0.9200598404107804,1,fn_0
dem,unknown,ВХОДЯЩИЙ,1,unknown,-1,-1,unknown,-1,40.0,cash_on_delivery,pickup_point,1,1,medium,1,0,0.14712825025644305,0.852871749743557,1,fn_0
dem,other,unknown,1,other,-1,-1,unknown,-1,40.0,cash_on_delivery,pickup_point,1,1,large,1,0,0.11598051525779118,0.8840194847422088,1,fn_0
yur,unknown,tilda,1,artraid,118075886,16920648245,desktop,-1,40.0,cash_on_delivery,pickup_point,0,0,small,1,0,0.11178436753649468,0.8882156324635053,1,fn_0
nim,sleep,tilda,1,artraid,118751984,16901019575,desktop,-1,30.0,cash_on_delivery,pickup_point,0,1,small,1,0,0.10767221144960781,0.8923277885503922,1,fn_0
nim,sleep,tilda,1,artraid,118751984,16901019575,mobile,-1,30.0,cash_on_delivery,pickup_point,0,1,small,1,0,0.14747447243155787,0.8525255275684421,1,fn_0
unknown,other,unknown,0,other,-1,-1,unknown,-1,-1.0,cash_on_delivery,pickup_point,1,1,unknown,1,0,0.12942585545931207,0.8705741445406879,1,fn_0
unknown,other,unknown,0,other,-1,-1,unknown,-1,-1.0,cash_on_delivery,pickup_point,1,1,unknown,1,0,0.12942585545931207,0.8705741445406879,1,fn_0
unknown,unknown,unknown,1,unknown,-1,-1,unknown,-1,40.0,cash_on_delivery,pickup_point,1,1,medium,1,0,0.08627610607063552,0.9137238939293645,1,fn_0
dem,unknown,ВХОДЯЩИЙ,1,unknown,-1,-1,unknown,-1,40.0,cash_on_delivery,pickup_point,1,1,medium,1,0,0.14712825025644305,0.852871749743557,1,fn_0
unknown,other,unknown,0,other,-1,-1,unknown,-1,-1.0,cash_on_delivery,pickup_point,1,1,unknown,1,0,0.12942585545931207,0.8705741445406879,1,fn_0
dem,other,unknown,1,other,-1,-1,unknown,-1,30.0,cash_on_delivery,pickup_point,1,1,medium,1,0,0.12115225575930344,0.8788477442406966,1,fn_0
unknown,other,unknown,1,other,-1,-1,unknown,-1,30.0,cash_on_delivery,pickup_point,1,1,medium,1,0,0.09078092196921472,0.9092190780307853,1,fn_0
unknown,unknown,unknown,1,unknown,-1,-1,unknown,-1,35.0,cash_on_delivery,pickup_point,1,1,large,1,0,0.082600753944574,0.917399246055426,1,fn_0
unknown,other,unknown,1,other,-1,-1,unknown,-1,40.0,cash_on_delivery,pickup_point,1,1,medium,1,0,0.09160361511232096,0.908396384887679,1,fn_0
unknown,unknown,npotpz,1,unknown,-1,-1,unknown,-1,40.0,cash_on_delivery,pickup_point,1,1,large,1,0,0.0800710117751473,0.9199289882248527,1,fn_0
unknown,unknown,ВХОДЯЩИЙ,1,unknown,-1,-1,unknown,-1,30.0,cash_on_delivery,pickup_point,1,1,small,1,0,0.09983697418328785,0.9001630258167121,1,fn_0
yur,unknown,npotpz,1,unknown,-1,-1,unknown,-1,40.0,cash_on_delivery,pickup_point,1,0,large,1,0,0.09695789190364312,0.9030421080963569,1,fn_0
unknown,unknown,unknown,1,unknown,-1,-1,unknown,-1,40.0,cash_on_delivery,door_delivery,1,1,small,1,0,0.11387294887493637,0.8861270511250636,1,fn_0
unknown,unknown,unknown,1,unknown,-1,-1,unknown,3,29.0,cash_on_delivery,pickup_point,1,1,medium,1,0,0.09563216109946238,0.9043678389005376,1,fn_0
unknown,unknown,npotpz,1,unknown,-1,-1,unknown,3,40.0,cash_on_delivery,pickup_point,1,1,medium,1,0,0.0895282493822449,0.9104717506177551,1,fn_0
unknown,unknown,unknown,1,unknown,-1,-1,unknown,-1,40.0,cash_on_delivery,door_delivery,1,1,medium,1,0,0.11752770259655898,0.882472297403441,1,fn_0
unknown,unknown,artraid,1,unknown,-1,-1,unknown,-1,31.0,cash_on_delivery,door_delivery,1,1,large,1,0,0.08183365327412628,0.9181663467258737,1,fn_0
unknown,unknown,unknown,1,unknown,-1,-1,unknown,4,30.0,cash_on_delivery,door_delivery,1,1,small,1,0,0.12060707808794024,0.8793929219120598,1,fn_0
unknown,unknown,unknown,1,unknown,-1,-1,unknown,-1,30.0,cash_on_delivery,pickup_point,1,1,medium,1,0,0.08549675612324747,0.9145032438767525,1,fn_0
unknown,unknown,unknown,1,unknown,-1,-1,unknown,4,40.0,cash_on_delivery,door_delivery,1,1,medium,1,0,0.12748751424637805,0.872512485753622,1,fn_0
unknown,unknown,unknown,1,unknown,-1,-1,unknown,4,40.0,cash_on_delivery,door_delivery,1,1,small,1,0,0.12144491026741866,0.8785550897325813,1,fn_0
nim,sleep,tilda,1,artraid,118751984,16901019575,mobile,-1,30.0,cash_on_delivery,pickup_point,0,1,small,1,0,0.14747447243155787,0.8525255275684421,1,fn_0
unknown,unknown,ВХОДЯЩИЙ,1,unknown,-1,-1,unknown,4,30.0,cash_on_delivery,pickup_point,1,1,medium,1,0,0.12188854538695881,0.8781114546130412,1,fn_0
unknown,unknown,npotpz,1,unknown,-1,-1,unknown,4,30.0,cash_on_delivery,pickup_point,1,1,medium,1,0,0.08909254725178817,0.9109074527482118,1,fn_0
gus,unknown,unknown,1,unknown,-1,-1,unknown,4,30.0,cash_on_delivery,pickup_point,1,1,medium,1,0,0.14089999147491938,0.8591000085250806,1,fn_0
unknown,unknown,ВХОДЯЩИЙ,1,unknown,-1,-1,unknown,4,30.0,cash_on_delivery,pickup_point,1,1,medium,1,0,0.12188854538695881,0.8781114546130412,1,fn_0
unknown,unknown,ВХОДЯЩИЙ,1,unknown,-1,-1,unknown,-1,30.0,cash_on_delivery,pickup_point,1,1,medium,1,0,0.10723055656540181,0.8927694434345982,1,fn_0
unknown,unknown,ВХОДЯЩИЙ,1,unknown,-1,-1,unknown,4,40.0,cash_on_delivery,door_delivery,1,1,medium,1,0,0.14740477987394873,0.8525952201260513,1,fn_0
yur,unknown,npotpz,1,unknown,119815667,16977882693,desktop,-1,40.0,cash_on_delivery,pickup_point,0,0,medium,1,0,0.11676114304317375,0.8832388569568262,1,fn_0
unknown,unknown,unknown,1,unknown,-1,-1,unknown,-1,40.0,cash_on_delivery,door_delivery,1,1,small,1,0,0.11387294887493637,0.8861270511250636,1,fn_0
unknown,unknown,npotpz,1,unknown,-1,-1,unknown,4,40.0,cash_on_delivery,door_delivery,1,1,small,1,0,0.10909603322239014,0.8909039667776099,1,fn_0
yur,unknown,npotpz,1,unknown,115367108,17256366382,desktop,4,40.0,cash_on_delivery,pickup_point,0,0,medium,1,0,0.13007308744511903,0.869926912554881,1,fn_0
unknown,unknown,ВХОДЯЩИЙ,1,unknown,-1,-1,unknown,4,40.0,cash_on_delivery,pickup_point,1,1,medium,1,0,0.12386875024822341,0.8761312497517766,1,fn_0
unknown,other,unknown,1,other,-1,-1,unknown,4,30.0,cash_on_delivery,pickup_point,1,1,small,1,0,0.0921073264360277,0.9078926735639723,1,fn_0
unknown,unknown,ВХОДЯЩИЙ,1,unknown,-1,-1,unknown,4,40.0,cash_on_delivery,door_delivery,1,1,medium,1,0,0.14740477987394873,0.8525952201260513,1,fn_0
unknown,unknown,ВХОДЯЩИЙ,1,unknown,-1,-1,unknown,-1,40.0,cash_on_delivery,pickup_point,1,1,medium,1,0,0.10914296794309286,0.8908570320569071,1,fn_0
unknown,unknown,unknown,1,unknown,-1,-1,unknown,4,30.0,cash_on_delivery,pickup_point,1,1,medium,1,0,0.09658216315040835,0.9034178368495916,1,fn_0
unknown,unknown,ВХОДЯЩИЙ,1,unknown,-1,-1,unknown,4,30.0,cash_on_delivery,pickup_point,1,1,medium,1,0,0.12188854538695881,0.8781114546130412,1,fn_0
unknown,unknown,ВХОДЯЩИЙ,1,unknown,-1,-1,unknown,4,40.0,cash_on_delivery,pickup_point,1,1,medium,1,0,0.12386875024822341,0.8761312497517766,1,fn_0
dem,other,unknown,1,other,-1,-1,unknown,-1,30.0,cash_on_delivery,pickup_point,1,1,medium,1,0,0.12115225575930344,0.8788477442406966,1,fn_0
unknown,unknown,artraid,1,unknown,-1,-1,unknown,4,31.0,cash_on_delivery,pickup_point,1,1,large,1,0,0.06134690874855531,0.9386530912514447,1,fn_0
unknown,other,unknown,1,other,-1,-1,unknown,4,30.0,cash_on_delivery,pickup_point,1,1,medium,1,0,0.10026074684385966,0.8997392531561403,1,fn_0
dem,other,unknown,1,other,-1,-1,unknown,-1,30.0,cash_on_delivery,pickup_point,1,1,medium,1,0,0.12115225575930344,0.8788477442406966,1,fn_0
yur,unknown,npotpz,1,unknown,-1,-1,unknown,4,30.0,cash_on_delivery,pickup_point,1,0,medium,1,0,0.10133515900382473,0.8986648409961753,1,fn_0
unknown,unknown,ВХОДЯЩИЙ,1,unknown,-1,-1,unknown,4,40.0,cash_on_delivery,pickup_point,1,1,medium,1,0,0.12386875024822341,0.8761312497517766,1,fn_0
unknown,unknown,ВХОДЯЩИЙ,1,unknown,-1,-1,unknown,4,30.0,cash_on_delivery,pickup_point,1,1,small,1,0,0.11107975462618491,0.8889202453738151,1,fn_0
unknown,other,unknown,1,other,-1,-1,unknown,4,30.0,cash_on_delivery,pickup_point,1,1,small,1,0,0.0921073264360277,0.9078926735639723,1,fn_0
yur,unknown,ВХОДЯЩИЙ,1,unknown,-1,-1,unknown,4,39.0,cash_on_delivery,pickup_point,1,0,medium,1,0,0.1354541032840495,0.8645458967159505,1,fn_0
dem,varikoz,tilda,1,artraid,704239668,17362386600,mobile,4,40.0,online,door_delivery,0,1,large,1,0,0.10101080396571271,0.8989891960342873,1,fn_0
unknown,unknown,ВХОДЯЩИЙ,1,unknown,-1,-1,unknown,4,17.0,cash_on_delivery,pickup_point,1,1,medium,1,0,0.13244032498695524,0.8675596750130448,1,fn_0
unknown,unknown,ВХОДЯЩИЙ,1,unknown,-1,-1,unknown,4,30.0,cash_on_delivery,pickup_point,1,1,medium,1,0,0.12188854538695881,0.8781114546130412,1,fn_0
unknown,unknown,ВХОДЯЩИЙ,1,unknown,-1,-1,unknown,4,29.0,cash_on_delivery,pickup_point,1,1,medium,1,0,0.12188854538695881,0.8781114546130412,1,fn_0
unknown,unknown,unknown,1,unknown,-1,-1,unknown,4,9.0,cash_on_delivery,pickup_point,1,1,medium,1,0,0.14560696622927272,0.8543930337707273,1,fn_0
unknown,unknown,ВХОДЯЩИЙ,1,unknown,-1,-1,unknown,4,40.0,cash_on_delivery,pickup_point,1,1,medium,1,0,0.12386875024822341,0.8761312497517766,1,fn_0
unknown,unknown,unknown,1,unknown,-1,-1,unknown,-1,30.0,cash_on_delivery,pickup_point,1,1,medium,1,0,0.08549675612324747,0.9145032438767525,1,fn_0
unknown,unknown,unknown,1,unknown,-1,-1,unknown,-1,40.0,cash_on_delivery,door_delivery,1,1,medium,1,0,0.11752770259655898,0.882472297403441,1,fn_0
unknown,unknown,unknown,1,unknown,-1,-1,unknown,-1,40.0,cash_on_delivery,pickup_point,1,1,medium,1,0,0.08627610607063552,0.9137238939293645,1,fn_0
unknown,unknown,unknown,1,unknown,-1,-1,unknown,-1,40.0,cash_on_delivery,door_delivery,1,1,medium,1,0,0.11752770259655898,0.882472297403441,1,fn_0
unknown,unknown,ВХОДЯЩИЙ,1,unknown,-1,-1,unknown,4,31.0,cash_on_delivery,pickup_point,1,1,large,1,0,0.11469420795014662,0.8853057920498534,1,fn_0
unknown,unknown,artraid,1,unknown,-1,-1,unknown,-1,30.0,cash_on_delivery,door_delivery,1,1,small,1,0,0.08034002112394145,0.9196599788760585,1,fn_0
unknown,unknown,npotpz,1,unknown,-1,-1,unknown,4,40.0,online,pickup_point,1,1,medium,1,0,0.029860460099744857,0.9701395399002551,1,fn_0
unknown,unknown,ВХОДЯЩИЙ,1,unknown,-1,-1,unknown,4,40.0,cash_on_delivery,pickup_point,1,1,medium,1,0,0.12386875024822341,0.8761312497517766,1,fn_0
unknown,other,unknown,1,other,-1,-1,unknown,4,30.0,cash_on_delivery,pickup_point,1,1,medium,1,0,0.10026074684385966,0.8997392531561403,1,fn_0
unknown,unknown,unknown,1,unknown,-1,-1,unknown,-1,40.0,cash_on_delivery,pickup_point,1,1,medium,1,0,0.08627610607063552,0.9137238939293645,1,fn_0
unknown,unknown,ВХОДЯЩИЙ,1,unknown,-1,-1,unknown,4,40.0,cash_on_delivery,pickup_point,1,1,medium,1,0,0.12386875024822341,0.8761312497517766,1,fn_0
unknown,other,unknown,1,other,-1,-1,unknown,4,40.0,cash_on_delivery,pickup_point,1,1,medium,1,0,0.10102814067645849,0.8989718593235415,1,fn_0
nim,sleep,Callibri,1,artraid,118751984,16901019575,tablet,4,30.0,cash_on_delivery,pickup_point,0,1,small,1,0,0.13226296696547157,0.8677370330345284,1,fn_0
yur,unknown,npotpz,1,unknown,115509254,17256366549,desktop,4,30.0,cash_on_delivery,door_delivery,0,0,medium,1,0,0.14473507868357816,0.8552649213164218,1,fn_0
unknown,unknown,unknown,1,unknown,-1,-1,unknown,-1,43.0,cash_on_delivery,door_delivery,1,1,medium,1,0,0.11795670739621966,0.8820432926037803,1,fn_0
unknown,unknown,unknown,1,unknown,-1,-1,unknown,-1,31.0,cash_on_delivery,pickup_point,1,1,large,1,0,0.08183568453022516,0.9181643154697748,1,fn_0
yur,unknown,npotpz,1,unknown,115367108,17256366382,desktop,4,40.0,cash_on_delivery,pickup_point,0,0,medium,1,0,0.13007308744511903,0.869926912554881,1,fn_0
unknown,unknown,ВХОДЯЩИЙ,1,unknown,-1,-1,unknown,-1,40.0,cash_on_delivery,pickup_point,1,1,medium,1,0,0.10914296794309286,0.8908570320569071,1,fn_0
unknown,unknown,artraid,0,unknown,-1,-1,unknown,-1,-1.0,cash_on_delivery,post,1,1,unknown,1,0,0.14653948485537172,0.8534605151446283,1,fn_0
dem,unknown,ВХОДЯЩИЙ,1,unknown,-1,-1,unknown,-1,43.0,cash_on_delivery,pickup_point,1,1,medium,1,0,0.14820535707155214,0.8517946429284479,1,fn_0
unknown,unknown,artraid,1,unknown,-1,-1,unknown,-1,40.0,cash_on_delivery,pickup_point,1,1,medium,1,0,0.0591768244111196,0.9408231755888804,1,fn_0
dem,unknown,ВХОДЯЩИЙ,1,unknown,-1,-1,unknown,-1,31.0,cash_on_delivery,pickup_point,1,1,large,1,0,0.13838612292498642,0.8616138770750136,1,fn_0
unknown,unknown,ВХОДЯЩИЙ,0,unknown,-1,-1,unknown,-1,-1.0,cash_on_delivery,pickup_point,1,1,unknown,1,0,0.14520053105812358,0.8547994689418764,1,fn_0
unknown,unknown,artraid,1,unknown,-1,-1,unknown,-1,40.0,cash_on_delivery,pickup_point,1,1,medium,1,0,0.0591768244111196,0.9408231755888804,1,fn_0
unknown,unknown,unknown,1,unknown,-1,-1,unknown,-1,43.0,cash_on_delivery,door_delivery,1,1,medium,1,0,0.11795670739621966,0.8820432926037803,1,fn_0
unknown,unknown,unknown,0,unknown,-1,-1,unknown,-1,-1.0,cash_on_delivery,pickup_point,1,1,unknown,1,0,0.11642827439750236,0.8835717256024976,1,fn_0
unknown,unknown,ВХОДЯЩИЙ,0,unknown,-1,-1,unknown,-1,-1.0,cash_on_delivery,pickup_point,1,1,unknown,1,0,0.14520053105812358,0.8547994689418764,1,fn_0
dem,unknown,ВХОДЯЩИЙ,1,unknown,-1,-1,unknown,-1,21.0,cash_on_delivery,pickup_point,1,1,large,1,0,0.14669044934420183,0.8533095506557982,1,fn_0
unknown,other,unknown,1,other,-1,-1,unknown,4,27.0,cash_on_delivery,door_delivery,1,1,medium,1,0,0.1188949069719396,0.8811050930280604,1,fn_0
unknown,unknown,artraid,1,unknown,-1,-1,unknown,-1,43.0,cash_on_delivery,door_delivery,1,1,medium,1,0,0.0847062123229998,0.9152937876770002,1,fn_0
unknown,unknown,unknown,1,unknown,-1,-1,unknown,-1,31.0,cash_on_delivery,pickup_point,1,1,large,1,0,0.08183568453022516,0.9181643154697748,1,fn_0
unknown,unknown,ВХОДЯЩИЙ,1,unknown,-1,-1,unknown,4,43.0,cash_on_delivery,pickup_point,1,1,medium,1,0,0.12482822309453134,0.8751717769054687,1,fn_0
dem,unknown,unknown,1,unknown,-1,-1,unknown,-1,23.0,cash_on_delivery,pickup_point,1,1,large,1,0,0.11756879956442068,0.8824312004355793,1,fn_0
unknown,unknown,unknown,0,unknown,-1,-1,unknown,-1,-1.0,cash_on_delivery,pickup_point,1,1,unknown,1,0,0.11642827439750236,0.8835717256024976,1,fn_0
unknown,unknown,unknown,1,unknown,-1,-1,unknown,-1,40.0,cash_on_delivery,pickup_point,1,1,large,1,0,0.08273180147709025,0.9172681985229098,1,fn_0
unknown,unknown,artraid,1,unknown,-1,-1,unknown,4,43.0,cash_on_delivery,pickup_point,1,1,medium,1,0,0.06713071429149031,0.9328692857085097,1,fn_0
unknown,unknown,unknown,0,unknown,-1,-1,unknown,-1,-1.0,cash_on_delivery,pickup_point,1,1,unknown,1,0,0.11642827439750236,0.8835717256024976,1,fn_0
unknown,unknown,npotpz,1,unknown,-1,-1,unknown,4,40.0,cash_on_delivery,pickup_point,1,1,medium,1,0,0.09030459582893613,0.9096954041710639,1,fn_0
unknown,unknown,unknown,1,unknown,-1,-1,unknown,4,43.0,cash_on_delivery,door_delivery,1,1,medium,1,0,0.12794760365487934,0.8720523963451207,1,fn_0
unknown,unknown,Callibri,1,npotpz,-1,-1,unknown,-1,31.0,cash_on_delivery,pickup_point,1,1,large,1,0,0.11506859840256844,0.8849314015974316,1,fn_0
unknown,unknown,npotpz,0,unknown,-1,-1,unknown,4,-1.0,online,pickup_point,1,1,unknown,1,0,0.12200681904901833,0.8779931809509817,1,fn_0
unknown,unknown,unknown,1,unknown,-1,-1,unknown,-1,30.0,cash_on_delivery,pickup_point,1,1,small,1,0,0.07844833738150048,0.9215516626184995,1,fn_0
unknown,unknown,ВХОДЯЩИЙ,1,unknown,-1,-1,unknown,4,40.0,cash_on_delivery,door_delivery,1,1,medium,1,0,0.14740477987394873,0.8525952201260513,1,fn_0
unknown,unknown,ВХОДЯЩИЙ,1,unknown,-1,-1,unknown,4,22.0,cash_on_delivery,pickup_point,1,1,medium,1,0,0.12882620993089033,0.8711737900691097,1,fn_0
unknown,unknown,unknown,1,unknown,-1,-1,unknown,-1,40.0,cash_on_delivery,door_delivery,1,1,medium,1,0,0.11752770259655898,0.882472297403441,1,fn_0
unknown,unknown,npotpz,1,unknown,-1,-1,unknown,4,30.0,cash_on_delivery,pickup_point,1,1,medium,1,0,0.08909254725178817,0.9109074527482118,1,fn_0
unknown,unknown,npotpz,1,unknown,-1,-1,unknown,4,30.0,cash_on_delivery,pickup_point,1,1,small,1,0,0.08395226091867336,0.9160477390813266,1,fn_0
unknown,unknown,unknown,1,unknown,-1,-1,unknown,-1,43.0,cash_on_delivery,pickup_point,1,1,large,1,0,0.08304574545267684,0.9169542545473232,1,fn_0
yur,unknown,npotpz,0,unknown,705007398,17421059854,desktop,4,-1.0,online,post,0,0,unknown,0,0,0.12499446846618245,0.8750055315338175,1,fn_0
unknown,unknown,npotpz,1,unknown,-1,-1,unknown,4,31.0,online,pickup_point,1,1,large,1,0,0.029675403623774965,0.970324596376225,1,fn_0
yur,unknown,unknown,1,unknown,-1,-1,unknown,4,40.0,cash_on_delivery,door_delivery,1,0,medium,1,0,0.13955838047787306,0.8604416195221269,1,fn_0
unknown,unknown,ВХОДЯЩИЙ,1,unknown,-1,-1,unknown,4,30.0,cash_on_delivery,door_delivery,1,1,medium,1,0,0.14490070075501682,0.8550992992449832,1,fn_0
unknown,unknown,npotpz,1,unknown,-1,-1,unknown,4,30.0,cash_on_delivery,pickup_point,1,1,medium,1,0,0.08909254725178817,0.9109074527482118,1,fn_0
unknown,other,unknown,1,other,-1,-1,unknown,4,31.0,cash_on_delivery,pickup_point,1,1,large,1,0,0.09638112931226017,0.9036188706877398,1,fn_0
unknown,other,unknown,1,other,-1,-1,unknown,4,43.0,cash_on_delivery,pickup_point,1,1,medium,1,0,0.10140383870993175,0.8985961612900683,1,fn_0
unknown,unknown,npotpz,1,unknown,-1,-1,unknown,4,30.0,cash_on_delivery,pickup_point,1,1,medium,1,0,0.08909254725178817,0.9109074527482118,1,fn_0
dem,unknown,unknown,1,unknown,-1,-1,unknown,4,40.0,cash_on_delivery,pickup_point,1,1,medium,1,0,0.13343893333001955,0.8665610666699805,1,fn_0
unknown,unknown,ВХОДЯЩИЙ,1,unknown,-1,-1,unknown,4,31.0,cash_on_delivery,pickup_point,1,1,large,1,0,0.11469420795014662,0.8853057920498534,1,fn_0
unknown,other,unknown,1,other,-1,-1,unknown,4,43.0,cash_on_delivery,pickup_point,1,1,large,1,0,0.09765562651490811,0.9023443734850919,1,fn_0
unknown,unknown,ВХОДЯЩИЙ,1,unknown,-1,-1,unknown,4,43.0,cash_on_delivery,pickup_point,1,1,medium,1,0,0.12482822309453134,0.8751717769054687,1,fn_0
unknown,unknown,ВХОДЯЩИЙ,1,unknown,-1,-1,unknown,4,30.0,online,pickup_point,1,1,small,1,0,0.0375673555478413,0.9624326444521587,1,fn_0
unknown,unknown,unknown,1,unknown,-1,-1,unknown,-1,40.0,cash_on_delivery,pickup_point,1,1,small,1,0,0.0791689992888599,0.9208310007111401,1,fn_0
unknown,unknown,ВХОДЯЩИЙ,1,unknown,-1,-1,unknown,1,40.0,cash_on_delivery,door_delivery,1,1,small,1,0,0.1394311554884764,0.8605688445115236,1,fn_0
unknown,unknown,ВХОДЯЩИЙ,1,unknown,-1,-1,unknown,1,43.0,cash_on_delivery,pickup_point,1,1,large,1,0,0.11531669455633886,0.8846833054436611,1,fn_0
dem,other,unknown,1,other,-1,-1,unknown,1,43.0,cash_on_delivery,door_delivery,1,1,large,1,0,0.14850931387569488,0.8514906861243051,1,fn_0
unknown,unknown,ВХОДЯЩИЙ,1,unknown,-1,-1,unknown,1,40.0,cash_on_delivery,pickup_point,1,1,medium,1,0,0.11930394801905564,0.8806960519809444,1,fn_0
unknown,unknown,ВХОДЯЩИЙ,1,unknown,-1,-1,unknown,1,43.0,cash_on_delivery,pickup_point,1,1,medium,1,0,0.12023291473535891,0.8797670852646411,1,fn_0
unknown,unknown,artraid,1,unknown,-1,-1,unknown,1,43.0,cash_on_delivery,pickup_point,1,1,large,1,0,0.06179801223750958,0.9382019877624904,1,fn_0
unknown,other,unknown,1,other,-1,-1,unknown,1,11.0,cash_on_delivery,pickup_point,1,1,medium,1,0,0.11892035610041751,0.8810796438995825,1,fn_0
dem,unknown,unknown,1,unknown,-1,-1,unknown,1,40.0,cash_on_delivery,pickup_point,1,1,medium,1,0,0.13044604509252378,0.8695539549074762,1,fn_0
unknown,unknown,unknown,1,unknown,-1,-1,unknown,-1,24.0,cash_on_delivery,pickup_point,1,1,large,1,0,0.08382526507576771,0.9161747349242323,1,fn_0
unknown,unknown,Callibri,1,npotpz,-1,-1,unknown,1,40.0,cash_on_delivery,pickup_point,1,1,medium,1,0,0.13081015756658287,0.8691898424334171,1,fn_0
unknown,unknown,npotpz,1,unknown,-1,-1,unknown,1,43.0,cash_on_delivery,pickup_point,1,1,large,1,0,0.08804437099749318,0.9119556290025068,1,fn_0
unknown,unknown,ВХОДЯЩИЙ,1,unknown,-1,-1,unknown,1,43.0,cash_on_delivery,pickup_point,1,1,medium,1,0,0.12023291473535891,0.8797670852646411,1,fn_0
